pdb	Hchain	molecule_name	pdb_sequence	vdj_sequence	CDRH3	Vgene	Jfamily	Specificity
6s8d	H P Y	Heavy chain	EVQLVESGGGLVKPGGSLRLSCAASGFTFRNAWMNWVRQAPGKGLEWVGRIKSRADGGPTDYAAPVKGRFTISRDDSKNTLYLQMNSLKSEDTAVYYCTTHVPDYNSAYYWVYWGQGTLVTVSSGSTKGPSVFPLAPSSKSTSGGTAALGCLVKDYFPEPVTVSWNSGALTSGVHTFPAVLQSSGLYSLSSVVTVPSSSLGTQTYICNVNHKPSNTKVDKRVEPKSCDKTH	EVQLVESGGGLVKPGGSLRLSCAASGFTFRNAWMNWVRQAPGKGLEWVGRIKSRADGGPTDYAAPVKGRFTISRDDSKNTLYLQMNSLKSEDTAVYYCTTHVPDYNSAYYWVYWGQGTLVTVSS	CTTHVPDYNSAYYWVYW	IGHV3-15	IGHJ5	GP
7kfb	G H I	Antibody Fab EBOV-442 heavy chain	EVQLVESGGGLVKPGGSLRLSCTGSGGTGFTFKYAGMSWVRQAPGKGPEWIGRIKSRIDGGTTDYAAPVKDRFIVSRDDSRNTLYLQMNSLKTEDTAVYYCATGSGKGPSASFGESYYYYDFINVWGKGTTVTVSSASTKGPSVFPLAPSSKSTSGGTAALGCLVKDYFPEPVTVSWNSGALTSGVHTFPAVLQSSGLYSLSSVVTVPSSSLGTQTYICNVNHKPSNTKVDKKVEPKSCD	EVQLVESGGGLVKPGGSLRLSCTGSGGTGFTFKYAGMSWVRQAPGKGPEWIGRIKSRIDGGTTDYAAPVKDRFIVSRDDSRNTLYLQMNSLKTEDTAVYYCATGSGKGPSASFGESYYYYDFINVWGKGTTVTVSS	CATGSGKGPSASFGESYYYYDFINVW	IGHV3-15	IGHJ6	GP
7kfh	G H I	Antibody Fab EBOV-437 heavy chain	QVQLVQSGAEVKKPGSSVKVSCKASGGTFSRDIFSWVRQAPGQGLEWMGGIIPIFGTANYAQKFQGRVTITADKSTSTVFMELSGLRSEDTAVYFCARGPPLRGERSWFGESEKYDYFYMDVWGKGTTVTVSSASTKGPSVFPLAPSSKSTSGGTAALGCLVKDYFPEPVTVSWNSGALTSGVHTFPAVLQSSGLYSLSSVVTVPSSSLGTQTYICNVNHKPSNTKVDKKVEPKSCD	QVQLVQSGAEVKKPGSSVKVSCKASGGTFSRDIFSWVRQAPGQGLEWMGGIIPIFGTANYAQKFQGRVTITADKSTSTVFMELSGLRSEDTAVYFCARGPPLRGERSWFGESEKYDYFYMDVWGKGTTVTVSS	CARGPPLRGERSWFGESEKYDYFYMDVW	IGHV1-69	IGHJ3	GP
6s8i	H P Y	Heavy Chain	EVQLVESGGNLAKPGGSLRLSCAASGFTFSDAWMTWVRQAPGKGLEWVGRIKSNADGGATEYAAPVRGRFTISRDDSRSSLFLQMNSLKTEDTAVYYCLTPPPRRYWGQGILVTVSSGSTKGPSVFPLAPSSKSTSGGTAALGCLVKDYFPEPVTVSWNSGALTSGVHTFPAVLQSSGLYSLSSVVTVPSSSLGTQTYICNVNHKPSNTKVDKRVEPKSCDKTH	EVQLVESGGNLAKPGGSLRLSCAASGFTFSDAWMTWVRQAPGKGLEWVGRIKSNADGGATEYAAPVRGRFTISRDDSRSSLFLQMNSLKTEDTAVYYCLTPPPRRYWGQGILVTVSS	CLTPPPRRYW	IGHV3-15	IGHJ4	GP
6mam	A C E	ADI-15946 Fab Heavy Chain	EVQLVESGGGLVKPGGSLRLSCAASGFTFSNAWMSWVRQAPGKGLEWVGRIKSKTDGGTIDYAAPVKGRFTISRDDSKNTVYLQMTSLKTEDTAVYYCTTYTEDMRYFDWLLRGGETFDYWGQGTLVTVSSASTKGPSVFPLAPSSKSTSGGTAALGCLVKDYFPEPVTVSWNSGALTSGVHTFPAVLQSSGLYSLSSVVTVPSSSLGTQTYICNVNHKPSNTKVDKKVEPKSCDLEVDDDD	EVQLVESGGGLVKPGGSLRLSCAASGFTFSNAWMSWVRQAPGKGLEWVGRIKSKTDGGTIDYAAPVKGRFTISRDDSKNTVYLQMTSLKTEDTAVYYCTTYTEDMRYFDWLLRGGETFDYWGQGTLVTVSS	CTTYTEDMRYFDWLLRGGETFDYW	IGHV3-15	IGHJ4	GP
6s8j	H P Y	Heavy Chain	EVQLVESGGGLVKPGGSLRLSCAASGFSFGNAWMNWVRQAPGKGLEWVGRIKSKSDGGTTDYAAPVKDRFIISRDDSKKTLYLQMNSLRREDTAVYYCVRGPFYCDTCGPNDYWGQGTLVTVSSGSTKGPSVFPLAPSSKSTSGGTAALGCLVKDYFPEPVTVSWNSGALTSGVHTFPAVLQSSGLYSLSSVVTVPSSSLGTQTYICNVNHKPSNTKVDKRVEPKSCDKTH	EVQLVESGGGLVKPGGSLRLSCAASGFSFGNAWMNWVRQAPGKGLEWVGRIKSKSDGGTTDYAAPVKDRFIISRDDSKKTLYLQMNSLRREDTAVYYCVRGPFYCDTCGPNDYWGQGTLVTVSS	CVRGPFYCDTCGPNDYW	IGHV3-15	IGHJ4	GP
5vkd	H	Fab Heavy Chain	EISEVQLVESGGGLVQPGGSLRLSCAASGFNISYSSIHWVRQAPGKGLEWVASIYSYSGYTSYADSVKGRFTISADTSKNTAYLQMNSLRAEDTAVYYCARSYWYHVGSWHYTGMDYWGQGTLVTVSSASTKGPSVFPLAPSSKSTSGGTAALGCLVKDYFPEPVTVSWNSGALTSGVHTFPAVLQSSGLYSLSSVVTVPSSSLGTQTYICNVNHKPSNTKVDKKVEPKSCDKTHT	EVQLVESGGGLVQPGGSLRLSCAASGFNISYSSIHWVRQAPGKGLEWVASIYSYSGYTSYADSVKGRFTISADTSKNTAYLQMNSLRAEDTAVYYCARSYWYHVGSWHYTGMDYWGQGTLVTVSS	CARSYWYHVGSWHYTGMDYW	IGHV3-66	IGHJ4	NP
6dzm	G I J	Antibody ADI-15878 Fab, heavy chain	VQLVQSGVTLVQPGGSLRVSCAASGFTFSSYAMSWVRQAPGKGLEWVSAISGLGGSTYYADSVKGRFTISRDNSKNTLYLQMNSLRAEDTAVYYCAKDHRVWAAGYHFDYWGQGALVTVS	VQLVQSGVTLVQPGGSLRVSCAASGFTFSSYAMSWVRQAPGKGLEWVSAISGLGGSTYYADSVKGRFTISRDNSKNTLYLQMNSLRAEDTAVYYCAKDHRVWAAGYHFDYWGQGALVTVS	CAKDHRVWAAGYHFDYW	IGHV3-23	IGHJ4	GP
6pci	H I J	rEBOV-548 Fab heavy chain	QVQVEESGGGVVQPGGSLRLSCAASGFMFSNYGMHWVRQAPGKGLEWMAFIRYDDSKKFYADSVKGRFTISRDNSKNTLYLQMNSLRAEDTALYYCAKELLQVYTSAWGEGHSYYYALDVWGLGTAVTVSSASFKGPSVFPLAPSSKSTSGGTAALGCLVKDYFPEPVTVSWNSGALTSGVHTFPAVLQSSGLYSLSSVVTVPSSSLGTQTYICNVNHKPSNTKVDKKVEPKSC	QVQVEESGGGVVQPGGSLRLSCAASGFMFSNYGMHWVRQAPGKGLEWMAFIRYDDSKKFYADSVKGRFTISRDNSKNTLYLQMNSLRAEDTALYYCAKELLQVYTSAWGEGHSYYYALDVWGLGTAVTVSS	CAKELLQVYTSAWGEGHSYYYALDVW	IGHV3-30	IGHJ1	GP
6pci	N O P	rEBOV-520 Fab heavy chain	QVQLQESGPGLGKPSETLSLSCTVSGASIRGYFWNWIRQPPGKGLEWIGYIHSTGSTNYNPSLKSRVTISVDTSKNQVSLNVNSVTAADTAVYFCARGAWNVATVYYYYGMDVWGQGTLVTVSSASFKGPSVFPLAPSSKSTSGGTAALGCLVKDYFPEPVTVSWNSGALTSGVHTFPAVLQSSGLYSLSSVVTVPSSSLGTQTYICNVNHKPSNTKVDKKVEPKSC	QVQLQESGPGLGKPSETLSLSCTVSGASIRGYFWNWIRQPPGKGLEWIGYIHSTGSTNYNPSLKSRVTISVDTSKNQVSLNVNSVTAADTAVYFCARGAWNVATVYYYYGMDVWGQGTLVTVSS	CARGAWNVATVYYYYGMDVW	IGHV4-4	IGHJ1	GP
5fhc	A	Antibody 100 Fab heavy chain	QVQLQESGPGLVKPSDTLSLTCTVSGGSLSSFYWSWIRQPPGKGLEWIGYIYYSGSPNYSPSLESRVTMSVDTTRNQISLKLDSVTAADTAVYYCVRASRSYYWGSYRPTAFDSWGQGTLVTVSSASTKGPSVFPLAPSSKSTSGGTAALGCLVKDYFPEPVTVSWNSGALTSGVHTFPAVLQSSGLYSLSSVVTVPSSSLGTQTYICNVNHKPSNTKVDKKVEPKS	QVQLQESGPGLVKPSDTLSLTCTVSGGSLSSFYWSWIRQPPGKGLEWIGYIYYSGSPNYSPSLESRVTMSVDTTRNQISLKLDSVTAADTAVYYCVRASRSYYWGSYRPTAFDSWGQGTLVTVSS	CVRASRSYYWGSYRPTAFDSW	IGHV4-59	IGHJ5	GP
5fhc	H	Antibody 114 Fab heavy chain	EVQLVESGGGLIQPGGSLRLSCAASGFALRMYDMHWVRQTIDKRLEWVSAVGPSGDTYYADSVKGRFAVSRENAKNSLSLQMNSLTAGDTAIYYCVRSDRGVAGLFDSWGQGILVTVSSASTKGPSVFPLAPSSKSTSGGTAALGCLVKDYFPEPVTVSWNSGALTSGVHTFPAVLQSSGLYSLSSVVTVPSSSLGTQTYICNVNHKPSNTKVDKKVEPK	EVQLVESGGGLIQPGGSLRLSCAASGFALRMYDMHWVRQTIDKRLEWVSAVGPSGDTYYADSVKGRFAVSRENAKNSLSLQMNSLTAGDTAIYYCVRSDRGVAGLFDSWGQGILVTVSS	CVRSDRGVAGLFDSW	IGHV3-13	IGHJ5	GP
5w2b	H	Fab Heavy Chain	EISEVQLVESGGGLVQPGGSLRLSCAASGFNISYSSIHWVRQAPGKGLEWVASIYSYSGYTSYADSVKGRFTISADTSKNTAYLQMNSLRAEDTAVYYCARSYWYHVGSWHYTGMDYWGQGTLVTVSSASTKGPSVFPLAPSSKSTSGGTAALGCLVKDYFPEPVTVSWNSGALTSGVHTFPAVLQSSGLYSLSSVVTVPSSSLGTQTYICNVNHKPSNTKVDKKVEPKSCDKTHT	EVQLVESGGGLVQPGGSLRLSCAASGFNISYSSIHWVRQAPGKGLEWVASIYSYSGYTSYADSVKGRFTISADTSKNTAYLQMNSLRAEDTAVYYCARSYWYHVGSWHYTGMDYWGQGTLVTVSS	CARSYWYHVGSWHYTGMDYW	IGHV3-66	IGHJ4	sGP
5kem	B G	BDBV91 variable Fab domain heavy chain	QVQLVQSGAELKPPGASVKVSCKPSGYTFTDYYIHWVRQAPGQGLEWMGWINPKSGETHYAQKFRGWVTLTRDTSISTTYMDLTRLKSDDTAVYFCARGDLETTIFFYNAVDVWGQGTLVT	QVQLVQSGAELKPPGASVKVSCKPSGYTFTDYYIHWVRQAPGQGLEWMGWINPKSGETHYAQKFRGWVTLTRDTSISTTYMDLTRLKSDDTAVYFCARGDLETTIFFYNAVDVWGQGTLVT	CARGDLETTIFFYNAVDVW	IGHV1-2	IGHJ1	sGP
7kex	G H I	Antibody Fab EBOV-293 heavy chain	MELGLRWVFLVAILEGVQCQVQLVQSGAEVKKPGSSVKVSCKASGGTFIDYTYNWVRQAPGQGLVWMGRVVPGLGLSSYAQQFEDRVTITAAKSTSTVYMELRGLTSEDTAMYYCARDTASFGWLPFAFWGQGTLVTVSSASTKGPSVFPLAPSSKSTSGGTAALGCLVKDYFPEPVTVSWNSGALTSGVHTFPAVLQSSGLYSLSSVVTVPSSSLGTQTYICNVNHKPSNTKVDKRVEPKSCD	QVQLVQSGAEVKKPGSSVKVSCKASGGTFIDYTYNWVRQAPGQGLVWMGRVVPGLGLSSYAQQFEDRVTITAAKSTSTVYMELRGLTSEDTAMYYCARDTASFGWLPFAFWGQGTLVTVSS	CARDTASFGWLPFAFW	IGHV1-69	IGHJ6	GP
6uye	G H I	Antibody rEBOV-548 Fab, heavy chain	QVQVEESGGGVVQPGGSLRLSCAASGFMFSNYGMHWVRQAPGKGLEWMAFIRYDDSKKFYADSVKGRFTISRDNSKNTLYLQMNSLRAEDTALYYCAKELLQVYTSAWGEGHSYYYALDVWGLGTAVTVSSA	QVQVEESGGGVVQPGGSLRLSCAASGFMFSNYGMHWVRQAPGKGLEWMAFIRYDDSKKFYADSVKGRFTISRDNSKNTLYLQMNSLRAEDTALYYCAKELLQVYTSAWGEGHSYYYALDVWGLGTAVTVSS	CAKELLQVYTSAWGEGHSYYYALDVW	IGHV3-30	IGHJ1	GP
6n7j	A H	BDBV223 antibody heavy chain	QVQLQQWGAGLLKPSETLSLTCAVYGGSFTTTYWNWIRQPPGKGLEWIGEVNYSGNANYNPSLKGRVAISVDTSKNQFSLRLNSVTAADTAIYYCTSRIRSHIAYSWKGDVWGKGTTVTVSSASTKGPSVFPLAPSSKSTSGGTAALGCLVKDYFPEPVTVSWNSGALTSGVHTFPAVLQSSGLYSLSSVVTVPSSSLGTQTYICNVNHKPSNTKVDKKVEPKSCDKTRA	QVQLQQWGAGLLKPSETLSLTCAVYGGSFTTTYWNWIRQPPGKGLEWIGEVNYSGNANYNPSLKGRVAISVDTSKNQFSLRLNSVTAADTAIYYCTSRIRSHIAYSWKGDVWGKGTTVTVSS	CTSRIRSHIAYSWKGDVW	IGHV4-34	IGHJ3	GP
7kf9	G H I	Antibody Fab EBOV-296 heavy chain	MELGLRWVFLVAILEGVQCQVQLVESGPGLVKPSQTLSLICTVSGGSISSGDFYWSWIRQPPGKGLEWIGFFYYSGITYYNPSLKSRVSISRDTSTNQFSLKLRSVTAADTAVYYCARVRGGRITLGQGDMYYYSGMDVWGQGTLVTVSSASTKGPSVFPLAPSSKSTSGGTAALGCLVKDYFPEPVTVSWNSGALTSGVHTFPAVLQSSGLYSLSSVVTVPSSSLGTQTYICNVNHKPSNTKVDKRVEPKSCD	QVQLVESGPGLVKPSQTLSLICTVSGGSISSGDFYWSWIRQPPGKGLEWIGFFYYSGITYYNPSLKSRVSISRDTSTNQFSLKLRSVTAADTAVYYCARVRGGRITLGQGDMYYYSGMDVWGQGTLVTVSS	CARVRGGRITLGQGDMYYYSGMDVW	IGHV4-30-4	IGHJ1	GP
5hj3	A E I M	KZ52 Antibody Fragment	EVQLLESGGGLVKPGGSLRLSCAASGFTLINYRMNWVRQAPGKGLEWVSSISSSSSYIHYADSVKGRFTISRDNAENSLYLQMNSLRAEDTAVYYCVREGPRATGYSMADVFDIWGQGTMVTVSSASTKGPSVFPLAPSSKSTSGGTAALGCLVKDYFPEPVTVSWNSGALTSGVHTFPAVLQSSGLYSLSSVVTVPSSSLGTQTYICNVNHKPSNTKVDKKVEPK	EVQLLESGGGLVKPGGSLRLSCAASGFTLINYRMNWVRQAPGKGLEWVSSISSSSSYIHYADSVKGRFTISRDNAENSLYLQMNSLRAEDTAVYYCVREGPRATGYSMADVFDIWGQGTMVTVSS	CVREGPRATGYSMADVFDIW	IGHV3-21	IGHJ3	GP
7kew	G H I	BDBV-43 Fab heavy chain	MELGLRWVFLVAILEGVQCQVQLVQSGAEVKKPGSSVKVSCRASGDSFSRKYGISWVRQAPGQGFEWMGTIMPIVGLTTSAQKFQGRVTITADKSTSTAHMELNSLTSEDTAIYYCARDEIIGARPHWFDSWGQGTLVTVSSASTKGPSVFPLAPSSKSTSGGTAALGCLVKDYFPEPVTVSWNSGALTSGVHTFPAVLQSSGLYSLSSVVTVPSSSLGTQTYICNVNHKPSNTKVDKRVEPKSCD	QVQLVQSGAEVKKPGSSVKVSCRASGDSFSRKYGISWVRQAPGQGFEWMGTIMPIVGLTTSAQKFQGRVTITADKSTSTAHMELNSLTSEDTAIYYCARDEIIGARPHWFDSWGQGTLVTVSS	CARDEIIGARPHWFDSW	IGHV1-69	IGHJ5	GP
6dzl	G H I	Fv domain of ADI-15878 Fab heavy chain	QVQLVQSGVTLVQPGGSLRVSCAASGFTFSSYAMSWVRQAPGKGLEWVSAISGLGGSTYYADSVKGRFTISRDNSKNTLYLQMNSLRAEDTAVYYCAKDHRVWAAGYHFDYWGQGALVTVS	QVQLVQSGVTLVQPGGSLRVSCAASGFTFSSYAMSWVRQAPGKGLEWVSAISGLGGSTYYADSVKGRFTISRDNSKNTLYLQMNSLRAEDTAVYYCAKDHRVWAAGYHFDYWGQGALVTVS	CAKDHRVWAAGYHFDYW	IGHV3-23	IGHJ4	GP
6qd7	H U X	Heavy chain	EVQLLESGGGLVQPGGSLRLSCEASGFPLRDYAMSWVRQAPGRGLQWVSTIGGNDNAANYADSVKGRFTVSRDNSKSTIYLQMNSLRAEDTALYFCAKSVRLSRPSPFDLWGQGSLVTVSSASTKGPSVFPLAPSSKSTSGGTAALGCLVKDYFPEPVTVSWNSGALTSGVHTFPAVLQSSGLYSLSSVVTVPSSSLGTQTYICNVNHKPSNTKVDKRVEPKSC	EVQLLESGGGLVQPGGSLRLSCEASGFPLRDYAMSWVRQAPGRGLQWVSTIGGNDNAANYADSVKGRFTVSRDNSKSTIYLQMNSLRAEDTALYFCAKSVRLSRPSPFDLWGQGSLVTVSS	CAKSVRLSRPSPFDLW	IGHV3-23	IGHJ2	GP
6oz9	H	EBOV-520 Fab heavy chain	QVQLQESGPGLGKPSETLSLSCTVSGASIRGYFWNWIRQPPGKGLEWIGYIHSTGSTNYNPSLKSRVTISVDTSKNQVSLNVNSVTAADTAVYFCARGAWNVATVYYYYGMDVWGQGTLVTVSSASFKGPSVFPLAPSSKSTSGGTAALGCLVKDYFPEPVTVSWNSGALTSGVHTFPAVLQSSGLYSLSSVVTVPSSSLGTQTYICNVNHKPSNTKVDKKVEPKSC	QVQLQESGPGLGKPSETLSLSCTVSGASIRGYFWNWIRQPPGKGLEWIGYIHSTGSTNYNPSLKSRVTISVDTSKNQVSLNVNSVTAADTAVYFCARGAWNVATVYYYYGMDVWGQGTLVTVSS	CARGAWNVATVYYYYGMDVW	IGHV4-4	IGHJ1	GP
6qd8	H Q W	Heavy chain	QVQLQESGPGLVKPSGTLSLTCAVSGGSISGTNWWTWVRQPPGRGLEWIGEIYYRGSPNYNPSLKSRVTISVDQSKSQFSLKLTSVTAADTAVYYCLRLSHYGGAWGQGTLVTVSSASTKGPSVFPLAPSSKSTSGGTAALGCLVKDYFPEPVTVSWNSGALTSGVHTFPAVLQSSGLYSLSSVVTVPSSSLGTQTYICNVNHKPSNTKVDKRVEPKSC	QVQLQESGPGLVKPSGTLSLTCAVSGGSISGTNWWTWVRQPPGRGLEWIGEIYYRGSPNYNPSLKSRVTISVDQSKSQFSLKLTSVTAADTAVYYCLRLSHYGGAWGQGTLVTVSS	CLRLSHYGGAW	IGHV4-4	IGHJ5	GP
6ea5	H M Q	ADI-15878 Fab Heavy Chain	QVQLVQSGVTLVQPGGSLRVSCAASGFTFSSYAMSWVRQAPGKGLEWVSAISGLGGSTYYADSVKGRFTISRDNSKNTLYLQMNSLRAEDTAVYYCAKDHRVWAAGYHFDYWGQGALVTVSSASTKGPSVFPLAPSSKSTSGGTAALGCLVKDYFPEPVTVSWNSGALTSGVHTFPAVLQSSGLYSLSSVVTVPSSSLGTQTYICNVNHKPSNTKVDKKVEPKSCDLEVDDDD	QVQLVQSGVTLVQPGGSLRVSCAASGFTFSSYAMSWVRQAPGKGLEWVSAISGLGGSTYYADSVKGRFTISRDNSKNTLYLQMNSLRAEDTAVYYCAKDHRVWAAGYHFDYWGQGALVTVSS	CAKDHRVWAAGYHFDYW	IGHV3-23	IGHJ4	GP
6ea7	H M Q	ADI-15878 Fab Heavy Chain	QVQLVQSGVTLVQPGGSLRVSCAASGFTFSSYAMSWVRQAPGKGLEWVSAISGLGGSTYYADSVKGRFTISRDNSKNTLYLQMNSLRAEDTAVYYCAKDHRVWAAGYHFDYWGQGALVTVSSASTKGPSVFPLAPSSKSTSGGTAALGCLVKDYFPEPVTVSWNSGALTSGVHTFPAVLQSSGLYSLSSVVTVPSSSLGTQTYICNVNHKPSNTKVDKKVEPKSCDLEVDDDD	QVQLVQSGVTLVQPGGSLRVSCAASGFTFSSYAMSWVRQAPGKGLEWVSAISGLGGSTYYADSVKGRFTISRDNSKNTLYLQMNSLRAEDTAVYYCAKDHRVWAAGYHFDYWGQGALVTVSS	CAKDHRVWAAGYHFDYW	IGHV3-23	IGHJ4	GP
