pdb	Hchain	molecule_name	pdb_sequence	vdj_sequence	CDRH3	Vgene	Jfamily
7d0d	G H	Heavy chain of P5A-3C12	QITLKESGPTLVKPTQTLTLTCTFSGFSLSTSGVGVGWIRQPPGKALEWLALIYWDDDKRYSPSLKSRLTITKDTSKNQVVLTMTNMDPVDTATYYCAHSLFLTVGYSSSWSPFDYWGQGTLVTVSSASTKGPSVFPLAPSSKSTSGGTAALGCLVKDYFPEPVTVSWNSGALTSGVHTFPAVLQSSGLYSLSSVVTVPSSSLGTQTYICNVNHKPSNTKVDKKVE	QITLKESGPTLVKPTQTLTLTCTFSGFSLSTSGVGVGWIRQPPGKALEWLALIYWDDDKRYSPSLKSRLTITKDTSKNQVVLTMTNMDPVDTATYYCAHSLFLTVGYSSSWSPFDYWGQGTLVTVSS	CAHSLFLTVGYSSSWSPFDYW	IGHV2-5	IGHJ4
7cwo	H	heavy chain of P17 Fab	QQLVESGGGVVQPGRSLRLSCAASGFTFSSYAMHWVRQAPGKGLEWVAVISYDGSNKYYADSVKGRFTISRDNSKNTLYLQMNSLRAEDTAVYYCARHATLMNNKDIWGQGTLVTVSSAS	QQLVESGGGVVQPGRSLRLSCAASGFTFSSYAMHWVRQAPGKGLEWVAVISYDGSNKYYADSVKGRFTISRDNSKNTLYLQMNSLRAEDTAVYYCARHATLMNNKDIWGQGTLVTVSS	CARHATLMNNKDIW	IGHV3-30	IGHJ1
7cwn	G K L	heavy chain of P17 Fab	QQLVESGGGVVQPGRSLRLSCAASGFTFSSYAMHWVRQAPGKGLEWVAVISYDGSNKYYADSVKGRFTISRDNSKNTLYLQMNSLRAEDTAVYYCARHATLMNNKDIWGQGTLVTVSSASTKGPSVFPLAPSGGTAALGCLVKDYFPEPVTVSWNSGALTSGVHTFPAVLQSSGLYSLSSVVTVPSSSLGTQTYICNVNHKPSNTKVDKKVEP	QQLVESGGGVVQPGRSLRLSCAASGFTFSSYAMHWVRQAPGKGLEWVAVISYDGSNKYYADSVKGRFTISRDNSKNTLYLQMNSLRAEDTAVYYCARHATLMNNKDIWGQGTLVTVSS	CARHATLMNNKDIW	IGHV3-30	IGHJ1
7cwn	E H O	heavy chain of H014 Fab	VQLVQSGAEVKKPGATVKISCKVSGYSFSNYYIHWVKQAPGKSLEWIGYIDPFNGGTSDNLKFKGAATLTADTSTDTAYMELSSLRSEDTAVYYCARSEYDPYYVMDYWGQGTTVTVSSASTKGPSVFPLAPSGGTAALGCLVKDYFPEPVTVSWNSGALTSGVHTFPAVLQSSGLYSLSSVVTVPSSSLGTQTYICNVNHKPSNTKVDKKVEP	VQLVQSGAEVKKPGATVKISCKVSGYSFSNYYIHWVKQAPGKSLEWIGYIDPFNGGTSDNLKFKGAATLTADTSTDTAYMELSSLRSEDTAVYYCARSEYDPYYVMDYWGQGTTVTVSS	CARSEYDPYYVMDYW	IGHV1-69-2	IGHJ4
7cwm	G H I	P17 heavy chain	QQLVESGGGVVQPGRSLRLSCAASGFTFSSYAMHWVRQAPGKGLEWVAVISYDGSNKYYADSVKGRFTISRDNSKNTLYLQMNSLRAEDTAVYYCARHATLMNNKDIWGQGTLVTVSSAS	QQLVESGGGVVQPGRSLRLSCAASGFTFSSYAMHWVRQAPGKGLEWVAVISYDGSNKYYADSVKGRFTISRDNSKNTLYLQMNSLRAEDTAVYYCARHATLMNNKDIWGQGTLVTVSS	CARHATLMNNKDIW	IGHV3-30	IGHJ1
7cwl	G H I	Fab P17 heavy chain	QQLVESGGGVVQPGRSLRLSCAASGFTFSSYAMHWVRQAPGKGLEWVAVISYDGSNKYYADSVKGRFTISRDNSKNTLYLQMNSLRAEDTAVYYCARHATLMNNKDIWGQGTLVTVSSAS	QQLVESGGGVVQPGRSLRLSCAASGFTFSSYAMHWVRQAPGKGLEWVAVISYDGSNKYYADSVKGRFTISRDNSKNTLYLQMNSLRAEDTAVYYCARHATLMNNKDIWGQGTLVTVSS	CARHATLMNNKDIW	IGHV3-30	IGHJ1
7c2l	H I J	heavy chain of 4A8	EVQLVESGAEVKKPGASVKVSCKVSGYTLTELSMHWVRQAPGKGLEWMGGFDPEDGETMYAQKFQGRVTMTEDTSTDTAYMELSSLRSEDTAVYYCATSTAVAGTPDLFDYYYGMDVWGQGTTVTVSSASTKGPSVFPLAPSSKSTSGGTAALGCLVKDYFPEPVTVSWNSGALTSGVHTFPAVLQSSGLYSLSSVVTVPSSSLGTQTYICNVNHKPSNTKVDKKVEPKSCDKTHTCPPCPAPELLGGPSVFLFPPKPKDTLMISRTPEVTCVVVDVSHEDPEVKFNWYVDGVEVHNAKTKPREEQYNSTYRVVSVLTVLHQDWLNGKEYKCKVSNKALPAPIEKTISKAKGQPREPQVYTLPPSRDELTKNQVSLTCLVKGFYPSDIAVEWESNGQPENNYKTTPPVLDSDGSFFLYSKLTVDKSRWQQGNVFSCSVMHEALHNHYTQKSLSLSPGK	EVQLVESGAEVKKPGASVKVSCKVSGYTLTELSMHWVRQAPGKGLEWMGGFDPEDGETMYAQKFQGRVTMTEDTSTDTAYMELSSLRSEDTAVYYCATSTAVAGTPDLFDYYYGMDVWGQGTTVTVSS	CATSTAVAGTPDLFDYYYGMDVW	IGHV1-24	IGHJ3
7lqv	H W Y	4-8 Heavy Chain	QVQLVQSGAEVKKAGSSVKVSCKASGGTFSSHTITWVRQAPGQGLEWMGRIIPILGIANYAQKFQGRVTITADKSTSTAYMELSSLRSEDTAVYYCASLQTVDTAIEKYYGMDVWGQGTTVTVSS	QVQLVQSGAEVKKAGSSVKVSCKASGGTFSSHTITWVRQAPGQGLEWMGRIIPILGIANYAQKFQGRVTITADKSTSTAYMELSSLRSEDTAVYYCASLQTVDTAIEKYYGMDVWGQGTTVTVSS	CASLQTVDTAIEKYYGMDVW	IGHV1-69	IGHJ6
7lqw	H	2-17 Heavy Chain	QVQLVQSGAEVKKPGSSVKVSCKASGGTFSSYAISWVRQAPGQGLEWMGGNIPIFGTANYAQKFQGRVTITADESTSTAYMELSSLRSEDTAVYYCARGVGYRGVIPLNWFDPWGQGTVVTVSSASTKGPSVFPLAPSSKSTSGGTAALGCLVKDYFPEPVTVSWNSGALTSGVHTFPAVLQSSGLYSLSSVVTVPSSSLGTQTYICNVNHKPSNTKVDKKVEPKSCDKTH	QVQLVQSGAEVKKPGSSVKVSCKASGGTFSSYAISWVRQAPGQGLEWMGGNIPIFGTANYAQKFQGRVTITADESTSTAYMELSSLRSEDTAVYYCARGVGYRGVIPLNWFDPWGQGTVVTVSS	CARGVGYRGVIPLNWFDPW	IGHV1-69	IGHJ5
7cws	L N P	Heavy Chain of FC05 Fab	EVQLLEQSGAEVKKPGASVRVSCKVSGYTLPEVAMHWVRQAPGKGLEWMGGFDPEDGETMYAQKFQGRVTMTEDTSTDTAYMELSSLRSEDTAVYYCATTTPFSSSYWFDPWGQGTLVTV	EVQLLEQSGAEVKKPGASVRVSCKVSGYTLPEVAMHWVRQAPGKGLEWMGGFDPEDGETMYAQKFQGRVTMTEDTSTDTAYMELSSLRSEDTAVYYCATTTPFSSSYWFDPWGQGTLVTV	CATTTPFSSSYWFDPW	IGHV1-24	IGHJ5
7cws	E G I	Heavy Chain of H014 Fab	VQLVQSGAEVKKPGATVKISCKVSGYSFSNYYIHWVKQAPGKSLEWIGYIDPFNGGTSDNLKFKGAATLTADTSTDTAYMELSSLRSEDTAVYYCARSEYDPYYVMDYWGQGTTVTVSSAST	VQLVQSGAEVKKPGATVKISCKVSGYSFSNYYIHWVKQAPGKSLEWIGYIDPFNGGTSDNLKFKGAATLTADTSTDTAYMELSSLRSEDTAVYYCARSEYDPYYVMDYWGQGTTVTVSS	CARSEYDPYYVMDYW	IGHV1-69-2	IGHJ4
7cwu	J N P	heavy chain of FC05 Fab	EVQLLEQSGAEVKKPGASVRVSCKVSGYTLPEVAMHWVRQAPGKGLEWMGGFDPEDGETMYAQKFQGRVTMTEDTSTDTAYMELSSLRSEDTAVYYCATTTPFSSSYWFDPWGQGTLVTV	EVQLLEQSGAEVKKPGASVRVSCKVSGYTLPEVAMHWVRQAPGKGLEWMGGFDPEDGETMYAQKFQGRVTMTEDTSTDTAYMELSSLRSEDTAVYYCATTTPFSSSYWFDPWGQGTLVTV	CATTTPFSSSYWFDPW	IGHV1-24	IGHJ5
7cwu	H M O	heavy chain of P17 Fab	QQLVESGGGVVQPGRSLRLSCAASGFTFSSYAMHWVRQAPGKGLEWVAVISYDGSNKYYADSVKGRFTISRDNSKNTLYLQMNSLRAEDTAVYYCARHATLMNNKDIWGQGTLVTVSSAS	QQLVESGGGVVQPGRSLRLSCAASGFTFSSYAMHWVRQAPGKGLEWVAVISYDGSNKYYADSVKGRFTISRDNSKNTLYLQMNSLRAEDTAVYYCARHATLMNNKDIWGQGTLVTVSS	CARHATLMNNKDIW	IGHV3-30	IGHJ1
7ljr	S	Fab DH1043 heavy chain	MGWSCIILFLVATATGVHSQVQLVQSGAEVKKPGSSVKVSCKASGGTFSRYAINWVRQAPGQGLEWMGRIIPIFGIANYAQKFQGKVTITADKSTSTAYMELSSLRSEDTAVYYCARADYYYDSSGYFFDYWGQGTLVTVSSASTKGPSVFPLAPSSKSTSGGTAALGCLVKDYFPEPVTVSWNSGALTSGVHTFPAVLQSSGLYSLSSVVTVPSSSLGTQTYICNVNHKPSNTKVDKKVEPKSCDKTHTCPPCPAPELLGGPSVFLFPPKPKDTLMISRTPEVTCVVVDVSHEDPEVKFNWYVDGVEVHNAKTKPREEQYNSTYRVVSVLTVLHQDWLNGKEYKCKVSNKALPAPIEKTISKAKGQPREPQVYTLPPSRDELTKNQVSLTCLVKGFYPSDIAVEWESNGQPENNYKTTPPVLDSDGSFFLYSKLTVDKSRWQQGNVFSCSVLHEALHSHYTQKSLSLSPGK	QVQLVQSGAEVKKPGSSVKVSCKASGGTFSRYAINWVRQAPGQGLEWMGRIIPIFGIANYAQKFQGKVTITADKSTSTAYMELSSLRSEDTAVYYCARADYYYDSSGYFFDYWGQGTLVTVSS	CARADYYYDSSGYFFDYW	IGHV1-69	IGHJ4
6zdg	B F H	EY6A heavy chain	EVQLVESGGGVVQPGRSLRLSCAASAFTFSSYDMHWVRQAPGKGLEWVAVISYDGSNKYYADSVKGRFTISRDNSKNTLYLQMNSLRAEDTAVYYCAKDGGKLWVYYFDYWGQGTLVTVSSASTKGPSVFPLAPSSKSTSGGTAALGCLVKDYFPEPVTVSWNSGALTSGVHTFPAVLQSSGLYSLSSVVTVPSSSLGTQTYICNVNHKPSNTKVDKRVEPKSCDK	EVQLVESGGGVVQPGRSLRLSCAASAFTFSSYDMHWVRQAPGKGLEWVAVISYDGSNKYYADSVKGRFTISRDNSKNTLYLQMNSLRAEDTAVYYCAKDGGKLWVYYFDYWGQGTLVTVSS	CAKDGGKLWVYYFDYW	IGHV3-30	IGHJ4
6zdh	D G H	EY6A heavy chain	EVQLVESGGGVVQPGRSLRLSCAASAFTFSSYDMHWVRQAPGKGLEWVAVISYDGSNKYYADSVKGRFTISRDNSKNTLYLQMNSLRAEDTAVYYCAKDGGKLWVYYFDYWGQGTLVTVSSASTKGPSVFPLAPSSKSTSGGTAALGCLVKDYFPEPVTVSWNSGALTSGVHTFPAVLQSSGLYSLSSVVTVPSSSLGTQTYICNVNHKPSNTKVDKRVEPKSCDK	EVQLVESGGGVVQPGRSLRLSCAASAFTFSSYDMHWVRQAPGKGLEWVAVISYDGSNKYYADSVKGRFTISRDNSKNTLYLQMNSLRAEDTAVYYCAKDGGKLWVYYFDYWGQGTLVTVSS	CAKDGGKLWVYYFDYW	IGHV3-30	IGHJ4
7ndb	H	COVOX-253H165L Fab heavy chain	ILFLVATATGVHSQVQLVQSGPEVKKPGTSVKVSCKASGFTFTTSAVQWVRQARGQRLEWIGWIVVGSGNTNYAQKFQERVTITRDMSTTTAYMELSSLRSEDTAVYFCAAPHCNSTSCYDAFDIWGQGTMVTVSSASTKGPSVFPLAPSSKSTSGGTAALGCLVKDYFPEPVTVSWNSGALTSGVHTFPAVLQSSGLYSLSSVVTVPSSSLGTQTYICNVNHKPSNTKVDKKVEPKSCDK	QVQLVQSGPEVKKPGTSVKVSCKASGFTFTTSAVQWVRQARGQRLEWIGWIVVGSGNTNYAQKFQERVTITRDMSTTTAYMELSSLRSEDTAVYFCAAPHCNSTSCYDAFDIWGQGTMVTVSS	CAAPHCNSTSCYDAFDIW	IGHV1-58	IGHJ3
7nda	H	COVOX-253H55L Fab heavy chain	ILFLVATATGVHSQVQLVQSGPEVKKPGTSVKVSCKASGFTFTTSAVQWVRQARGQRLEWIGWIVVGSGNTNYAQKFQERVTITRDMSTTTAYMELSSLRSEDTAVYFCAAPHCNSTSCYDAFDIWGQGTMVTVSSASTKGPSVFPLAPSSKSTSGGTAALGCLVKDYFPEPVTVSWNSGALTSGVHTFPAVLQSSGLYSLSSVVTVPSSSLGTQTYICNVNHKPSNTKVDKKVEPKSCDK	QVQLVQSGPEVKKPGTSVKVSCKASGFTFTTSAVQWVRQARGQRLEWIGWIVVGSGNTNYAQKFQERVTITRDMSTTTAYMELSSLRSEDTAVYFCAAPHCNSTSCYDAFDIWGQGTMVTVSS	CAAPHCNSTSCYDAFDIW	IGHV1-58	IGHJ3
7l5b	H	2-15 Heavy chain	QVQLVQSGAEVKKPGASVRVSCKASGYTFTGYYMHWVRQAPGQGLEWMGWINPISDGTNYAQKFQGWVTMTRDTSISTVYMELSRLRSDDTAVYYCARGGSRCSGGNCYGWAYDAFDIWGQGTMITVSSASTKGPSVFPLAPSSKSTSGGTAALGCLVKDYFPEPVTVSWNSGALTSGVHTFPAVLQSSGLYSLSSVVTVPSSSLGTQTYICNVNHKPSNTKVDKKV	QVQLVQSGAEVKKPGASVRVSCKASGYTFTGYYMHWVRQAPGQGLEWMGWINPISDGTNYAQKFQGWVTMTRDTSISTVYMELSRLRSDDTAVYYCARGGSRCSGGNCYGWAYDAFDIWGQGTMITVSS	CARGGSRCSGGNCYGWAYDAFDIW	IGHV1-2	IGHJ3
7ndd	D F H	COVOX-159 Fab heavy chain	ILFLVATATGVHSEVQLVESGGGVVQPGRSLRLSCAASGFTFSSYGMHWVRQAPGKGLEWVALISYDGGNRYYADSVKGRFTISRDNSKNTLYLQMNRLRAEDTAMYYCAKDRDDGWDWYYFMDVWGKGTTVTVSSASTKGPSVFPLAPSSKSTSGGTAALGCLVKDYFPEPVTVSWNSGALTSGVHTFPAVLQSSGLYSLSSVVTVPSSSLGTQTYICNVNHKPSNTKVDKKVEPKSCDK	EVQLVESGGGVVQPGRSLRLSCAASGFTFSSYGMHWVRQAPGKGLEWVALISYDGGNRYYADSVKGRFTISRDNSKNTLYLQMNRLRAEDTAMYYCAKDRDDGWDWYYFMDVWGKGTTVTVSS	CAKDRDDGWDWYYFMDVW	IGHV3-30	IGHJ6
6xc3	H	CR3022 heavy chain	QMQLVQSGTEVKKPGESLKISCKGSGYGFITYWIGWVRQMPGKGLEWMGIIYPGDSETRYSPSFQGQVTISADKSINTAYLQWSSLKASDTAIYYCAGGSGISTPMDVWGQGTTVTVSSASTKGPSVFPLAPSSKSTSGGTAALGCLVKDYFPEPVTVSWNSGALTSGVHTFPAVLQSSGLYSLSSVVTVPSSSLGTQTYICNVNHKPSNTKVDKKVEPKSC	QMQLVQSGTEVKKPGESLKISCKGSGYGFITYWIGWVRQMPGKGLEWMGIIYPGDSETRYSPSFQGQVTISADKSINTAYLQWSSLKASDTAIYYCAGGSGISTPMDVWGQGTTVTVSS	CAGGSGISTPMDVW	IGHV5-51	IGHJ6
6xc3	B	CC12.1 heavy chain	EVQLVESGGGLIQPGGSLRLSCAASGLTVSSNYMSWVRQAPGKGLEWVSVIYSGGSTFYADSVKGRFTISRDNSKNTLYLQMNSLRAEDTAVYYCARDLDVYGLDVWGQGTTVTVSSASTKGPSVFPLAPSSKSTSGGTAALGCLVKDYFPEPVTVSWNSGALTSGVHTFPAVLQSSGLYSLSSVVTVPSSSLGTQTYICNVNHKPSNTKVDKKVEPKSC	EVQLVESGGGLIQPGGSLRLSCAASGLTVSSNYMSWVRQAPGKGLEWVSVIYSGGSTFYADSVKGRFTISRDNSKNTLYLQMNSLRAEDTAVYYCARDLDVYGLDVWGQGTTVTVSS	CARDLDVYGLDVW	IGHV3-53	IGHJ6
7klg	H I	Fab 15033 heavy chain	EVQLVESGGGLVQPGGSLRLSCAASGFDLGGYSMHWVRQAPGKGLEWVAGIYASGGATAYADSVKGRFTISADTSKNTAYLQMNSLRAEDTAVYYCARSYYYGGFGMDYWGQGTLVTVSSASTKGPSVFPLAPSSKSTSGGTAALGCLVKDYFPEPVTVSWNSGALTSGVHTFPAVLQSSGLYSLSSVVTVPSSSLGTQTYICNVNHKPSNTKVDKKVEPKSCDK	EVQLVESGGGLVQPGGSLRLSCAASGFDLGGYSMHWVRQAPGKGLEWVAGIYASGGATAYADSVKGRFTISADTSKNTAYLQMNSLRAEDTAVYYCARSYYYGGFGMDYWGQGTLVTVSS	CARSYYYGGFGMDYW	IGHV3-66	IGHJ4
6xc7	H	CR3022 heavy chain	QMQLVQSGTEVKKPGESLKISCKGSGYGFITYWIGWVRQMPGKGLEWMGIIYPGDSETRYSPSFQGQVTISADKSINTAYLQWSSLKASDTAIYYCAGGSGISTPMDVWGQGTTVTVSSASTKGPSVFPLAPSSKSTSGGTAALGCLVKDYFPEPVTVSWNSGALTSGVHTFPAVLQSSGLYSLSSVVTVPSSSLGTQTYICNVNHKPSNTKVDKKVEPKSC	QMQLVQSGTEVKKPGESLKISCKGSGYGFITYWIGWVRQMPGKGLEWMGIIYPGDSETRYSPSFQGQVTISADKSINTAYLQWSSLKASDTAIYYCAGGSGISTPMDVWGQGTTVTVSS	CAGGSGISTPMDVW	IGHV5-51	IGHJ6
6xc7	C	CC12.3 heavy chain	QVQLVESGGGLIQPGGSLRLSCAASGFTVSSNYMSWVRQAPGKGLEWVSVIYSGGSTFYADSVKGRFTISRDNSKSTLYLQMNSLRVEDTAVYYCARDFGDFYFDYWGQGTLVTVSSASTKGPSVFPLAPSSKSTSGGTAALGCLVKDYFPEPVTVSWNSGALTSGVHTFPAVLQSSGLYSLSSVVTVPSSSLGTQTYICNVNHKPSNTKVDKKVEPKSC	QVQLVESGGGLIQPGGSLRLSCAASGFTVSSNYMSWVRQAPGKGLEWVSVIYSGGSTFYADSVKGRFTISRDNSKSTLYLQMNSLRVEDTAVYYCARDFGDFYFDYWGQGTLVTVSS	CARDFGDFYFDYW	IGHV3-53	IGHJ4
6xc2	H X	CC12.1 heavy chain	EVQLVESGGGLIQPGGSLRLSCAASGLTVSSNYMSWVRQAPGKGLEWVSVIYSGGSTFYADSVKGRFTISRDNSKNTLYLQMNSLRAEDTAVYYCARDLDVYGLDVWGQGTTVTVSSASTKGPSVFPLAPSSKSTSGGTAALGCLVKDYFPEPVTVSWNSGALTSGVHTFPAVLQSSGLYSLSSVVTVPSSSLGTQTYICNVNHKPSNTKVDKKVEPKSC	EVQLVESGGGLIQPGGSLRLSCAASGLTVSSNYMSWVRQAPGKGLEWVSVIYSGGSTFYADSVKGRFTISRDNSKNTLYLQMNSLRAEDTAVYYCARDLDVYGLDVWGQGTTVTVSS	CARDLDVYGLDVW	IGHV3-53	IGHJ6
6xc4	H X	CC12.3 heavy chain	QVQLVESGGGLIQPGGSLRLSCAASGFTVSSNYMSWVRQAPGKGLEWVSVIYSGGSTFYADSVKGRFTISRDNSKSTLYLQMNSLRVEDTAVYYCARDFGDFYFDYWGQGTLVTVSSASTKGPSVFPLAPSSKSTSGGTAALGCLVKDYFPEPVTVSWNSGALTSGVHTFPAVLQSSGLYSLSSVVTVPSSSLGTQTYICNVNHKPSNTKVDKKVEPKSC	QVQLVESGGGLIQPGGSLRLSCAASGFTVSSNYMSWVRQAPGKGLEWVSVIYSGGSTFYADSVKGRFTISRDNSKSTLYLQMNSLRVEDTAVYYCARDFGDFYFDYWGQGTLVTVSS	CARDFGDFYFDYW	IGHV3-53	IGHJ4
7klh	H I	Fab 15033-7 heavy chain	EVQLVESGGGLVQPGGSLRLSCAASGFDLGGYSMHWVRQAPGKGLEWVAGIYASGGATAYADSVKGRFTISADTSKNTAYLQMNSLRAEDTAVYYCARSYYYGGFGMDYWGQGTLVTVSSASTKGPSVFPLAPSSKSTSGGTAALGCLVKDYFPEPVTVSWNSGALTSGVHTFPAVLQSSGLYSLSSVVTVPSSSLGTQTYICNVNHKPSNTKVDKKVEPKSCDK	EVQLVESGGGLVQPGGSLRLSCAASGFDLGGYSMHWVRQAPGKGLEWVAGIYASGGATAYADSVKGRFTISADTSKNTAYLQMNSLRAEDTAVYYCARSYYYGGFGMDYWGQGTLVTVSS	CARSYYYGGFGMDYW	IGHV3-66	IGHJ4
7jmp	H	COVA2-39 heavy chain	QVQLVETGGGLIQPGGSLRLSCAASGFTVSSNYMSWVRQAPGKGLEWVSVIYTGGTTYYADSVKGRFTISRDNSKNTLYLQMNSLRAEDTAVYYCARAHVDTAMVESGAFDIWGQGTRVTVSSASTKGPSVFPLAPSSKSTSGGTAALGCLVKDYFPEPVTVSWNSGALTSGVHTFPAVLQSSGLYSLSSVVTVPSSSLGTQTYICNVNHKPSNTKVDKRVEPKSCHHHHHH	QVQLVETGGGLIQPGGSLRLSCAASGFTVSSNYMSWVRQAPGKGLEWVSVIYTGGTTYYADSVKGRFTISRDNSKNTLYLQMNSLRAEDTAVYYCARAHVDTAMVESGAFDIWGQGTRVTVSS	CARAHVDTAMVESGAFDIW	IGHV3-53	IGHJ3
7lcn	B H M	DH1050.1 heavy chain	QVQLVQSGAEVKKPGASVKVSCKVSGYTLPELSMHWVRQAPGKGLEWMGGFHPEDGETIYAQKFQGRVTMTEDTSTDTAYMELSSLRSEDTAVYYCATGSPFGVVTDWFDPWGRGTLVTVSSASTKGPSVFPLAPSSKSTSGGTAALGCLVKDYFPEPVTVSWNSGALTSGVHTFPAVLQSSGLYSLSSVVTVPSSSLGTQTYICNVNHKPSNTKVDKKVEPK	QVQLVQSGAEVKKPGASVKVSCKVSGYTLPELSMHWVRQAPGKGLEWMGGFHPEDGETIYAQKFQGRVTMTEDTSTDTAYMELSSLRSEDTAVYYCATGSPFGVVTDWFDPWGRGTLVTVSS	CATGSPFGVVTDWFDPW	IGHV1-24	IGHJ5
7l02	H M	2G12 heavy chain	EVQLVESGGGLVKAGGSLILSCGVSNFRISAHTMNWVRRVPGGGLEWVASISTSSTYRDYADAVKGRFTVSRDDLEDFVYLQMHKMRVEDTAIYYCARKGSDRLSDNDPFDAWGPGTVVTVSPASTKGPSVFPLAPS(UNK)(UNK)(UNK)(UNK)(UNK)(UNK)(UNK)(UNK)GTAALGCLVKDYFPEPVTVSWNSGALTSGVHTFPAVLQSSGLYSLSSVVTVPSSSLGTQTYICNVNHKPSNTKVDKKVEPK	EVQLVESGGGLVKAGGSLILSCGVSNFRISAHTMNWVRRVPGGGLEWVASISTSSTYRDYADAVKGRFTVSRDDLEDFVYLQMHKMRVEDTAIYYCARKGSDRLSDNDPFDAWGPGTVVTVSP	CARKGSDRLSDNDPFDAW	IGHV3-21	IGHJ5
7mf1	H	47D1 Fab heavy chain	QVQLVQSGAEVKKPGSSVRVSCKASGGTFSTYPISWVRQAPGQGLEWMGGIIPIFGTAKSAQKFQGRVTITADEFTSTAYMEMSSLRSEDTAMYYCAREGRRYGSGWYISTGYFDYWGQGTLVTVSSASTKGPSVFPLAPSSKSTSGGTAALGCLVKDYFPEPVTVSWNSGALTSGVHTFPAVLQSSGLYSLSSVVTVPSSSLGTQTYICNVNHKPSNTKVDKRVEPKSC	QVQLVQSGAEVKKPGSSVRVSCKASGGTFSTYPISWVRQAPGQGLEWMGGIIPIFGTAKSAQKFQGRVTITADEFTSTAYMEMSSLRSEDTAMYYCAREGRRYGSGWYISTGYFDYWGQGTLVTVSS	CAREGRRYGSGWYISTGYFDYW	IGHV1-69	IGHJ4
7ly2	E F M	S2M11 Fab Heavy Chain variable region	VQLVQSGAEVKKPGASVKVSCKASGYTFTGYYMHWVRQAPGQGLEWMGWINPISSGTSYAQTFQGRVTMTSDTSITTAYMELSRLRSDDTAVYYCARAAPFYDFWSGYSYFDYWGQGTLVTV	VQLVQSGAEVKKPGASVKVSCKASGYTFTGYYMHWVRQAPGQGLEWMGWINPISSGTSYAQTFQGRVTMTSDTSITTAYMELSRLRSDDTAVYYCARAAPFYDFWSGYSYFDYWGQGTLVTV	CARAAPFYDFWSGYSYFDYW	IGHV1-2	IGHJ4
7ly2	G H N	S2M28 Fab Heavy Chain variable region	VQLVESGGGVVQPGRSLRLSCAASGFTFSSYGMHWVRQAPGKGLEWVTVIWYDGSNRYYADSVKGRFTISRDNSKNTLYLQMDSLRAEDTAVYYCARAVAGEWYFDYWGQGTLVTVS	VQLVESGGGVVQPGRSLRLSCAASGFTFSSYGMHWVRQAPGKGLEWVTVIWYDGSNRYYADSVKGRFTISRDNSKNTLYLQMDSLRAEDTAVYYCARAVAGEWYFDYWGQGTLVTVS	CARAVAGEWYFDYW	IGHV3-33	IGHJ4
7ly3	D F	S2M28 Fab Heavy Chain	EVQLVESGGGVVQPGRSLRLSCAASGFTFSSYGMHWVRQAPGKGLEWVTVIWYDGSNRYYADSVKGRFTISRDNSKNTLYLQMDSLRAEDTAVYYCARAVAGEWYFDYWGQGTLVTVSSASTKGPSVFPLAPSSKSTSGGTAALGCLVKDYFPEPVTVSWNSGALTSGVHTFPAVLQSSGLYSLSSVVTVPSSSLGTQTYICNVNHKPSNTKVDKKVEPKS	EVQLVESGGGVVQPGRSLRLSCAASGFTFSSYGMHWVRQAPGKGLEWVTVIWYDGSNRYYADSVKGRFTISRDNSKNTLYLQMDSLRAEDTAVYYCARAVAGEWYFDYWGQGTLVTVSS	CARAVAGEWYFDYW	IGHV3-33	IGHJ4
7ly0	H	S2M28 Fab Heavy Chain variable region	VQLVESGGGVVQPGRSLRLSCAASGFTFSSYGMHWVRQAPGKGLEWVTVIWYDGSNRYYADSVKGRFTISRDNSKNTLYLQMDSLRAEDTAVYYCARAVAGEWYFDYWGQGTLVTVS	VQLVESGGGVVQPGRSLRLSCAASGFTFSSYGMHWVRQAPGKGLEWVTVIWYDGSNRYYADSVKGRFTISRDNSKNTLYLQMDSLRAEDTAVYYCARAVAGEWYFDYWGQGTLVTVS	CARAVAGEWYFDYW	IGHV3-33	IGHJ4
7k43	C F H	S2M11 Fab fragment (heavy chain)	EVQLVQSGAEVKKPGASVKVSCKASGYTFTGYYMHWVRQAPGQGLEWMGWINPISSGTSYAQTFQGRVTMTSDTSITTAYMELSRLRSDDTAVYYCARAAPFYDFWSGYSYFDYWGQGTLVTVSS	EVQLVQSGAEVKKPGASVKVSCKASGYTFTGYYMHWVRQAPGQGLEWMGWINPISSGTSYAQTFQGRVTMTSDTSITTAYMELSRLRSDDTAVYYCARAAPFYDFWSGYSYFDYWGQGTLVTVSS	CARAAPFYDFWSGYSYFDYW	IGHV1-2	IGHJ4
7neh	H	COVOX-269 Fab heavy chain	QVQLVESGGGLIQPGGSLRLSCAASGLTVNRNYMSWIRQAPGKGLEWVSVIYSGGSTFYADSVKGRFTISRDNSKNTLSLQMNSLRAEDTAIYYCARDFYEGSFDIWGQGTMVTVSSASTKGPSVFPLAPSSKSTSGGTAALGCLVKDYFPEPVTVSWNSGALTSGVHTFPAVLQSSGLYSLSSVVTVPSSSLGTQTYICNVNHKPSNTKVDKKVEPKSCDK	QVQLVESGGGLIQPGGSLRLSCAASGLTVNRNYMSWIRQAPGKGLEWVSVIYSGGSTFYADSVKGRFTISRDNSKNTLSLQMNSLRAEDTAIYYCARDFYEGSFDIWGQGTMVTVSS	CARDFYEGSFDIW	IGHV3-53	IGHJ3
7jvc	C F H	S2A4 Fab heavy chain	EVQLVESGGGLVQPGGSLRLSCAASGFTFSSYWMNWVRQAPGKGLEWVANIKQDGSEKYYVDSVKGRFTISRDNAKNSLFLQMNSLRAEDTAVYYCARVWWLRGSFDYWGQGTLVTVSSASTKGPSVFPLAPSSKSTSGGTAALGCLVKDYFPEPVTVSWNSGALTSGVHTFPAVLQSSGLYSLSSVVTVPSSSLGTQTYICNVNHKPSNTKVDKKVEPKSCDKTHTC	EVQLVESGGGLVQPGGSLRLSCAASGFTFSSYWMNWVRQAPGKGLEWVANIKQDGSEKYYVDSVKGRFTISRDNAKNSLFLQMNSLRAEDTAVYYCARVWWLRGSFDYWGQGTLVTVSS	CARVWWLRGSFDYW	IGHV3-7	IGHJ4
7jmo	H	COVA2-04 heavy chain	QVQLVETGGGLIQPGGSLRLSCAASGFTVSSNYMSWVRQAPGKGLEWVSVIYSGGSTFYADSVKGRFTISRDNSKNTLYLQMNSLRAEDTAVYYCARDLERAGGMDVWGQGTMVTVSSASTKGPSVFPLAPSSKSTSGGTAALGCLVKDYFPEPVTVSWNSGALTSGVHTFPAVLQSSGLYSLSSVVTVPSSSLGTQTYICNVNHKPSNTKVDKRVEPKSCHHHHHH	QVQLVETGGGLIQPGGSLRLSCAASGFTVSSNYMSWVRQAPGKGLEWVSVIYSGGSTFYADSVKGRFTISRDNSKNTLYLQMNSLRAEDTAVYYCARDLERAGGMDVWGQGTMVTVSS	CARDLERAGGMDVW	IGHV3-53	IGHJ3
6xcn	B F H	C105 Fab Heavy Chain	QVQLVESGGGLIQPGGSLRLSCAASGFTVSSNYMSWVRQAPGKGLEWVSVIYSGGSTYYADSVKGRFTISRDNSKNTLYLQMNSLRAEDTAVYYCARGEGWELPYDYWGQGTLVTVSSASTKGPSVFPLAPSSKSTSGGTAALGCLVKDYFPEPVTVSWNSGALTSGVHTFPAVLQSS(UNK)LYSLSSVVTVPSSSLGTQTYICNVNHKPSNTKVDKRVEPKSCDKTHHHHHH	QVQLVESGGGLIQPGGSLRLSCAASGFTVSSNYMSWVRQAPGKGLEWVSVIYSGGSTYYADSVKGRFTISRDNSKNTLYLQMNSLRAEDTAVYYCARGEGWELPYDYWGQGTLVTVSS	CARGEGWELPYDYW	IGHV3-53	IGHJ4
6xcm	H N	C105 Fab Heavy Chain	QVQLVESGGGLIQPGGSLRLSCAASGFTVSSNYMSWVRQAPGKGLEWVSVIYSGGSTYYADSVKGRFTISRDNSKNTLYLQMNSLRAEDTAVYYCARGEGWELPYDYWGQGTLVTVSSASTKGPSVFPLAPSSKSTSGGTAALGCLVKDYFPEPVTVSWNSGALTSGVHTFPAVLQSS(UNK)LYSLSSVVTVPSSSLGTQTYICNVNHKPSNTKVDKRVEPKSCDKTHHHHHH	QVQLVESGGGLIQPGGSLRLSCAASGFTVSSNYMSWVRQAPGKGLEWVSVIYSGGSTYYADSVKGRFTISRDNSKNTLYLQMNSLRAEDTAVYYCARGEGWELPYDYWGQGTLVTVSS	CARGEGWELPYDYW	IGHV3-53	IGHJ4
7neg	H	Antibody COVOX-269 Fab heavy chain	QVQLVESGGGLIQPGGSLRLSCAASGLTVNRNYMSWIRQAPGKGLEWVSVIYSGGSTFYADSVKGRFTISRDNSKNTLSLQMNSLRAEDTAIYYCARDFYEGSFDIWGQGTMVTVSSASTKGPSVFPLAPSSKSTSGGTAALGCLVKDYFPEPVTVSWNSGALTSGVHTFPAVLQSSGLYSLSSVVTVPSSSLGTQTYICNVNHKPSNTKVDKKVEPKSCDK	QVQLVESGGGLIQPGGSLRLSCAASGLTVNRNYMSWIRQAPGKGLEWVSVIYSGGSTFYADSVKGRFTISRDNSKNTLSLQMNSLRAEDTAIYYCARDFYEGSFDIWGQGTMVTVSS	CARDFYEGSFDIW	IGHV3-53	IGHJ3
7nd9	H	COVOX-253H55L Fab heavy chain	ILFLVATATGVHSQVQLVQSGPEVKKPGTSVKVSCKASGFTFTTSAVQWVRQARGQRLEWIGWIVVGSGNTNYAQKFQERVTITRDMSTTTAYMELSSLRSEDTAVYFCAAPHCNSTSCYDAFDIWGQGTMVTVSSASTKGPSVFPLAPSSKSTSGGTAALGCLVKDYFPEPVTVSWNSGALTSGVHTFPAVLQSSGLYSLSSVVTVPSSSLGTQTYICNVNHKPSNTKVDKKVEPKSCDK	QVQLVQSGPEVKKPGTSVKVSCKASGFTFTTSAVQWVRQARGQRLEWIGWIVVGSGNTNYAQKFQERVTITRDMSTTTAYMELSSLRSEDTAVYFCAAPHCNSTSCYDAFDIWGQGTMVTVSS	CAAPHCNSTSCYDAFDIW	IGHV1-58	IGHJ3
7nd8	H	COVOX-384 Fab heavy chain	ILFLVATATGVHSEVQLVESGGGLVKPGESLRLSCAASGFTFSDYYMTWIRQAPGKGLEWVSYIRSSGHTIYYADSVKGRFTISRDNAKNSLYLQMNSLRVEDTAVYYCARGGVLRFLEWPLNAFDIWGQGTMVTVSSASTKGPSVFPLAPSSKSTSGGTAALGCLVKDYFPEPVTVSWNSGALTSGVHTFPAVLQSSGLYSLSSVVTVPSSSLGTQTYICNVNHKPSNTKVDKKVEPKSCDK	EVQLVESGGGLVKPGESLRLSCAASGFTFSDYYMTWIRQAPGKGLEWVSYIRSSGHTIYYADSVKGRFTISRDNAKNSLYLQMNSLRVEDTAVYYCARGGVLRFLEWPLNAFDIWGQGTMVTVSS	CARGGVLRFLEWPLNAFDIW	IGHV3-11	IGHJ3
7cai	E G	Heavy chain of H014 Fab	EVQLVQSGAEVKKPGATVKISCKVSGYSFSNYYIHWVKQAPGKSLEWIGYIDPFNGGTSDNLKFKGAATLTADTSTDTAYMELSSLRSEDTAVYYCARSEYDPYYVMDYWGQGTTVTVSSASTKGPSVFPLAPSSKSTSGGTAALGCLVKDYFPEPVTVSWNSGALTSGVHTFPAVLQSSGLYSLSSVVTVPSSSLGTQTYICNVNHKPSNTKVDKKVEPKSC	EVQLVQSGAEVKKPGATVKISCKVSGYSFSNYYIHWVKQAPGKSLEWIGYIDPFNGGTSDNLKFKGAATLTADTSTDTAYMELSSLRSEDTAVYYCARSEYDPYYVMDYWGQGTTVTVSS	CARSEYDPYYVMDYW	IGHV1-69-2	IGHJ4
7cah	E	Heavy chain of H014 Fab	VQLVQSGAEVKKPGATVKISCKVSGYSFSNYYIHWVKQAPGKSLEWIGYIDPFNGGTSDNLKFKGAATLTADTSTDTAYMELSSLRSEDTAVYYCARSEYDPYYVMDYWGQGTTVTVSSASTKGPSVFPLAPSSKSTSGGTAALGCLVKDYFPEPVTVSWNSGALTSGVHTFPAVLQSSGLYSLSSVVTVPSSSLGTQTYICNVNHKPSNTKVDKKVEPKSC	VQLVQSGAEVKKPGATVKISCKVSGYSFSNYYIHWVKQAPGKSLEWIGYIDPFNGGTSDNLKFKGAATLTADTSTDTAYMELSSLRSEDTAVYYCARSEYDPYYVMDYWGQGTTVTVSS	CARSEYDPYYVMDYW	IGHV1-69-2	IGHJ4
7cak	E G I	Heavy chain of H014 Fab	EVQLVQSGAEVKKPGATVKISCKVSGYSFSNYYIHWVKQAPGKSLEWIGYIDPFNGGTSDNLKFKGAATLTADTSTDTAYMELSSLRSEDTAVYYCARSEYDPYYVMDYWGQGTTVTVSSASTKGPSVFPLAPSSKSTSGGTAALGCLVKDYFPEPVTVSWNSGALTSGVHTFPAVLQSSGLYSLSSVVTVPSSSLGTQTYICNVNHKPSNTKVDKKVEPKSC	EVQLVQSGAEVKKPGATVKISCKVSGYSFSNYYIHWVKQAPGKSLEWIGYIDPFNGGTSDNLKFKGAATLTADTSTDTAYMELSSLRSEDTAVYYCARSEYDPYYVMDYWGQGTTVTVSS	CARSEYDPYYVMDYW	IGHV1-69-2	IGHJ4
7l56	F H J	Fab 2-43 variable domain heavy chain	QVQLVQSGAEVKKPGASVKVSCKASGYTFTGYYMHWVRQAPGQGLEWMGWINPNSGGTNYAQKFQGRVTMTRDTSITTAYMELRRLRSDDTAVYYCARGLGVGCSGGNCYLDYYYMDVWGKGTTVTVSS	QVQLVQSGAEVKKPGASVKVSCKASGYTFTGYYMHWVRQAPGQGLEWMGWINPNSGGTNYAQKFQGRVTMTRDTSITTAYMELRRLRSDDTAVYYCARGLGVGCSGGNCYLDYYYMDVWGKGTTVTVSS	CARGLGVGCSGGNCYLDYYYMDVW	IGHV1-2	IGHJ6
7l57	H	Fab 2-15 variable domain heavy chain	VQLVQSGAEVKKPGASVRVSCKASGYTFTGYYMHWVRQAPGQGLEWMGWINPISDGTNYAQKFQGWVTMTRDTSISTVYMELSRLRSDDTAVYYCARGGSRCSGGNCYGWAYDAFDIWGQGTMITV	VQLVQSGAEVKKPGASVRVSCKASGYTFTGYYMHWVRQAPGQGLEWMGWINPISDGTNYAQKFQGWVTMTRDTSISTVYMELSRLRSDDTAVYYCARGGSRCSGGNCYGWAYDAFDIWGQGTMITV	CARGGSRCSGGNCYGWAYDAFDIW	IGHV1-2	IGHJ3
7bz5	H	Heavy chain of B38	GDEVQLVESGGGLVQPGGSLRLSCAASGFIVSSNYMSWVRQAPGKGLEWVSVIYSGGSTYYADSVKGRFTISRHNSKNTLYLQMNSLRAEDTAVYYCAREAYGMDVWGQGTTVTVSSASTKGPSVFPLAPSSKSTSGGTAALGCLVKDYFPEPVTVSWNSGALTSGVHTFPAVLQSSGLYSLSSVVTVPSSSLGTQTYICNVNHKPSNTKVDKRVEPKSCDK	EVQLVESGGGLVQPGGSLRLSCAASGFIVSSNYMSWVRQAPGKGLEWVSVIYSGGSTYYADSVKGRFTISRHNSKNTLYLQMNSLRAEDTAVYYCAREAYGMDVWGQGTTVTVSS	CAREAYGMDVW	IGHV3-53	IGHJ6
7nd6	H	COVOX-158 Fab heavy chain	EVQLLESGGDLIQPGGSLRLSCAASGVTVSSNYMSWVRQAPGKGLEWVSIIYPGGSTFYADSVKGRFTISRDNSKNTLYLQMHSLRAEDTAVYYCARDLGSGDMDVWGKGTTVTVSSASTKGPSVFPLAPSSKSTSGGTAALGCLVKDYFPEPVTVSWNSGALTSGVHTFPAVLQSSGLYSLSSVVTVPSSSLGTQTYICNVNHKPSNTKVDKKVEPKSCDK	EVQLLESGGDLIQPGGSLRLSCAASGVTVSSNYMSWVRQAPGKGLEWVSIIYPGGSTFYADSVKGRFTISRDNSKNTLYLQMHSLRAEDTAVYYCARDLGSGDMDVWGKGTTVTVSS	CARDLGSGDMDVW	IGHV3-53	IGHJ6
7cac	E	Heavy chain of H014 Fab	EVQLVQSGAEVKKPGATVKISCKVSGYSFSNYYIHWVKQAPGKSLEWIGYIDPFNGGTSDNLKFKGAATLTADTSTDTAYMELSSLRSEDTAVYYCARSEYDPYYVMDYWGQGTTVTVSSASTKGPSVFPLAPSSKSTSGGTAALGCLVKDYFPEPVTVSWNSGALTSGVHTFPAVLQSSGLYSLSSVVTVPSSSLGTQTYICNVNHKPSNTKVDKKVEPKSC	EVQLVQSGAEVKKPGATVKISCKVSGYSFSNYYIHWVKQAPGKSLEWIGYIDPFNGGTSDNLKFKGAATLTADTSTDTAYMELSSLRSEDTAVYYCARSEYDPYYVMDYWGQGTTVTVSS	CARSEYDPYYVMDYW	IGHV1-69-2	IGHJ4
6zcz	H	EY6A heavy chain	EVQLVESGGGVVQPGRSLRLSCAASAFTFSSYDMHWVRQAPGKGLEWVAVISYDGSNKYYADSVKGRFTISRDNSKNTLYLQMNSLRAEDTAVYYCAKDGGKLWVYYFDYWGQGTLVTVSSASTKGPSVFPLAPSSKSTSGGTAALGCLVKDYFPEPVTVSWNSGALTSGVHTFPAVLQSSGLYSLSSVVTVPSSSLGTQTYICNVNHKPSNTKVDKRVEPKSCDK	EVQLVESGGGVVQPGRSLRLSCAASAFTFSSYDMHWVRQAPGKGLEWVAVISYDGSNKYYADSVKGRFTISRDNSKNTLYLQMNSLRAEDTAVYYCAKDGGKLWVYYFDYWGQGTLVTVSS	CAKDGGKLWVYYFDYW	IGHV3-30	IGHJ4
7k9z	H	52 Fab Heavy Chain	QVQLVQSGAEVKKPGSSVKVSCKASGYTFTSYGISWVRQAPGQGLEWMGGIIPMFGTTNYAQKFQGRVTITADKSTSTAYMELSSLRSEDTAVYYCARDRGDTIDYWGQGTLVTVSSASTKGPSVFPLAPSSKSTSGGTAALGCLVKDYFPEPVTVSWNSGALTSGVHTFPAVLQSSGLYSLSSVVTVPSSSLGTQTYICNVNHKPSNTKVDKKVEPKSC	QVQLVQSGAEVKKPGSSVKVSCKASGYTFTSYGISWVRQAPGQGLEWMGGIIPMFGTTNYAQKFQGRVTITADKSTSTAYMELSSLRSEDTAVYYCARDRGDTIDYWGQGTLVTVSS	CARDRGDTIDYW	IGHV1-69	IGHJ4
7k9z	B	298 Fab Heavy Chain	QVQLVQSGAEVKKPGASVKVSCKASGGTFSTYGISWVRQAPGQGLEWMGWISPNSGGTDLAQKFQGRVTMTRDTSTSTVYMELSSLRSEDTAVYYCASDPRDDIAGGYWGQGTLVTVSSASTKGPSVFPLAPSSKSTSGGTAALGCLVKDYFPEPVTVSWNSGALTSGVHTFPAVLQSSGLYSLSSVVTVPSSSLGTQTYICNVNHKPSNTKVDKKVEPKSC	QVQLVQSGAEVKKPGASVKVSCKASGGTFSTYGISWVRQAPGQGLEWMGWISPNSGGTDLAQKFQGRVTMTRDTSTSTVYMELSSLRSEDTAVYYCASDPRDDIAGGYWGQGTLVTVSS	CASDPRDDIAGGYW	IGHV1-2	IGHJ4
7bwj	H	antibody heavy chain	QVQLQESGPGLVKPSETLSLTCTVSGYSISSGYYWGWIRQPPGKGLEWIGSIYHSGSTYYNPSLKTRVTISVDTSKNQFSLKLSSVTAADTAVYYCARAVVGIVVVPAAGRRAFDIWGQGTMVTVSSASTKGPSVFPLAPSSKSTSGGTAALGCLVKDYFPEPVTVSWNSGALTSGVHTFPAVLQSSGLYSLSSVVTVPSSSLGTQTYICNVNHKPSNTKVDKKVEPKS	QVQLQESGPGLVKPSETLSLTCTVSGYSISSGYYWGWIRQPPGKGLEWIGSIYHSGSTYYNPSLKTRVTISVDTSKNQFSLKLSSVTAADTAVYYCARAVVGIVVVPAAGRRAFDIWGQGTMVTVSS	CARAVVGIVVVPAAGRRAFDIW	IGHV4-38-2	IGHJ3
7cdj	H	antibody P2C-1A3 heavy chain	QVQLVESGGGLVKPGGSLRLSCAASGFTFSDYYMSWIRQAPGKGLEWVSYISSSGSTIYYADSVKGRFTISRDNAKNSLYLQMNSLRAEDTAVYYCARDFSHQQLVPSWGQGTLVTVSSASTKGPSVFPLAPSSKSTSGGTAALGCLVKDYFPEPVTVSWNSGALTSGVHTFPAVLQSSGLYSLSSVVTVPSSSLGTQTYICNVNHKPSNTKVDKKVE	QVQLVESGGGLVKPGGSLRLSCAASGFTFSDYYMSWIRQAPGKGLEWVSYISSSGSTIYYADSVKGRFTISRDNAKNSLYLQMNSLRAEDTAVYYCARDFSHQQLVPSWGQGTLVTVSS	CARDFSHQQLVPSW	IGHV3-11	IGHJ5
7cdi	H	antibody P2C-1F11 heavy chain	EVQLVESGGGLVQPGGSLRLSCAASGITVSSNYMNWVRQAPGKGLEWVSLIYSGGSTYYADSVKGRFTISRDNSKNTLYLQMNSLRAEDTAVYHCARDLVVYGMDVWGQGTTVTVSSASTKGPSVFPLAPSSKSTSGGTAALGCLVKDYFPEPVTVSWNSGALTSGVHTFPAVLQSSGLYSLSSVVTVPSSSLGTQTYICNVNHKPSNTKVDKKVEP	EVQLVESGGGLVQPGGSLRLSCAASGITVSSNYMNWVRQAPGKGLEWVSLIYSGGSTYYADSVKGRFTISRDNSKNTLYLQMNSLRAEDTAVYHCARDLVVYGMDVWGQGTTVTVSS	CARDLVVYGMDVW	IGHV3-66	IGHJ6
7ntc	H	P008_056 Fab Heavy chain	MGWSCIILFLVATATGVHSEVQLVESGGGLVKPGGSLRLSCAASGFSFSSYSMNWVRQAPGKGLEWVSSISSNSNYIYYADSMKGRFTISRDNAKNSLYLQMNSLRAEDTAVYYCASNRSPYDSSNYYFDYWGQGTRVTISSASTKGPSVFPLAPSSKSTSGGTAALGCLVKDYFPEPVTVSWNSGALTSGVHTFPAVLQSSGLYSLSSVVTVPSSSLGTQTYICNVNHKPSNTKVDKRVEPKSGTKHHHHHH	EVQLVESGGGLVKPGGSLRLSCAASGFSFSSYSMNWVRQAPGKGLEWVSSISSNSNYIYYADSMKGRFTISRDNAKNSLYLQMNSLRAEDTAVYYCASNRSPYDSSNYYFDYWGQGTRVTISS	CASNRSPYDSSNYYFDYW	IGHV3-21	IGHJ4
7kzb	H	Fab heavy chain of CR3014-C8 antibody	EVQLVESGGGLVQPGGSLRLSCAASGFTFSDHYMDWVRQAPGKGLEWVGRTRNKANSYTTEYAASVKGRFTISRDDSKNSLYLQMNSLKTEDTAVYYCARGISPFYFDYWGQGTLVTVSSASTKGPSVFPLAPSSKSTSGGTAALGCLVKDYFPEPVTVSWNSGALTSGVHTFPAVLQSSGLYSLSSVVTVPSSSLGTQTYICNVNHKPSNTKVDKKVEPKSCGSHHHHHH	EVQLVESGGGLVQPGGSLRLSCAASGFTFSDHYMDWVRQAPGKGLEWVGRTRNKANSYTTEYAASVKGRFTISRDDSKNSLYLQMNSLKTEDTAVYYCARGISPFYFDYWGQGTLVTVSS	CARGISPFYFDYW	IGHV3-72	IGHJ4
7kzb	A	Fab heavy chain of CR3022-B6 antibody	QMQLVQSGTEVKKPGESLKISCKGSGYGFITYWIGWVRQMPGKGLEWMGIIYPGDSETRYSPSFQGQVTISADKSINTAYLQWSSLKASDTAIYYCAGGSGISTPMDVWGQGTTVTVSSASTKGPSVFPLAPSSKSTSGGTAALGCLVKDYFPEPVTVSWNSGALTSGVHTFPAVLQSSGLYSLSSVVTVPSSSLGTQTYICNVNHKPSNTKVDKKVEPKSCGSHHHHHH	QMQLVQSGTEVKKPGESLKISCKGSGYGFITYWIGWVRQMPGKGLEWMGIIYPGDSETRYSPSFQGQVTISADKSINTAYLQWSSLKASDTAIYYCAGGSGISTPMDVWGQGTTVTVSS	CAGGSGISTPMDVW	IGHV5-51	IGHJ6
7deo	A C	antibody scFv	GSEVQLVESGGGVVQPGRSLRLSCAASGFTFSYYGMHWVRQAPGKGLEWVAVIWYDGSNRFYADSVKGRFTISRDNSKSTLYLQMNSLRAEDTAVYYCATDPPGLRFRFDYWGQGTLVTVSSGGGGSGGGGSGGGGSDIVMTQSPLSLPVTPGEPASISCRSSQSLLHSNGYNYLDWYLQKPGQSPQLLIYLGSNRASGVPDRFSGSGSGTDFTLKISRVEAEDVGVYYCMQGLQTPLTFGGGTKVEIKGGGSHHHHHH	EVQLVESGGGVVQPGRSLRLSCAASGFTFSYYGMHWVRQAPGKGLEWVAVIWYDGSNRFYADSVKGRFTISRDNSKSTLYLQMNSLRAEDTAVYYCATDPPGLRFRFDYWGQGTLVTVSS	CATDPPGLRFRFDYW	IGHV3-33	IGHJ4
7l2f	G H I	5-24 heavy chain	QVQLVESGGGVVQPGRSLRLSCAASGLTFSSYVMHWVRQAPGKGLDWVGVIWYDGSKKYYADSVKGRFTISRDNSKNTLYLQMNSLRAEDTAVYYCARDPRDYYDFWSGYDYYYGLDVWGQGTTVTVSSASTKGPSVFPLAPSSKSTSGGTAALGCLVKDYFPEPVTVSWNSGALTSGVHTFPAVLQSSGLYSLSSVVTVPSSSLGTQTYICNVNHKPSNTKVDKKVEPKSCDKTH	QVQLVESGGGVVQPGRSLRLSCAASGLTFSSYVMHWVRQAPGKGLDWVGVIWYDGSKKYYADSVKGRFTISRDNSKNTLYLQMNSLRAEDTAVYYCARDPRDYYDFWSGYDYYYGLDVWGQGTTVTVSS	CARDPRDYYDFWSGYDYYYGLDVW	IGHV3-33	IGHJ1
7l2e	G H I	4-18 heavy chain	QVQLVESGGGVVQPGRSLRLSCAASGFTFSSYGMHWVRQAPGKGLEWVAVISYDGSNKHYADSVKGRFTISRDNSKNTLYLQMNSLRAEDTAVYYCAKDSGYNYGYSWFDPWGQGTLVTVSSASTKGPSVFPLAPSSKSTSGGTAALGCLVKDYFPEPVTVSWNSGALTSGVHTFPAVLQSSGLYSLSSVVTVPSSSLGTQTYICNVNHKPSNTKVDKKVEPKSCDKTH	QVQLVESGGGVVQPGRSLRLSCAASGFTFSSYGMHWVRQAPGKGLEWVAVISYDGSNKHYADSVKGRFTISRDNSKNTLYLQMNSLRAEDTAVYYCAKDSGYNYGYSWFDPWGQGTLVTVSS	CAKDSGYNYGYSWFDPW	IGHV3-30	IGHJ5
7l2d	H	1-87 heavy chain	QVQLVQSGAEVKKPGASVKVSCKVSGYTLIELSMHWVRQAPGKGLEWMGGFDPEDAETIYAQKFQGRVTMTEDTSTDTAYMELSSLRSEDTAVYYCATGIAVIGPPPSTYYYYGMDVWGQGTTVTVSSASTKGPSVFPLAPSSKSTSGGTAALGCLVKDYFPEPVTVSWNSGALTSGVHTFPAVLQSSGLYSLSSVVTVPSSSLGTQTYICNVNHKPSNTKVDKKVEPKSCDKTH	QVQLVQSGAEVKKPGASVKVSCKVSGYTLIELSMHWVRQAPGKGLEWMGGFDPEDAETIYAQKFQGRVTMTEDTSTDTAYMELSSLRSEDTAVYYCATGIAVIGPPPSTYYYYGMDVWGQGTTVTVSS	CATGIAVIGPPPSTYYYYGMDVW	IGHV1-24	IGHJ6
7l2c	C H	2-51 heavy chain	QVQLVQSGAEVKKPGASVKVSCKVSGYTLIELSMHWVRQAPGKGLEWMGGFDPEDVETIYAQQFQGRVTMTEDTSTDTAYMELSSLRSEDTAVYYCATGWAYKSTWYFGYWGQGTLVTVSSASTKGPSVFPLAPSSKSTSGGTAALGCLVKDYFPEPVTVSWNSGALTSGVHTFPAVLQSSGLYSLSSVVTVPSSSLGTQTYICNVNHKPSNTKVDKKVEPKSCDKT	QVQLVQSGAEVKKPGASVKVSCKVSGYTLIELSMHWVRQAPGKGLEWMGGFDPEDVETIYAQQFQGRVTMTEDTSTDTAYMELSSLRSEDTAVYYCATGWAYKSTWYFGYWGQGTLVTVSS	CATGWAYKSTWYFGYW	IGHV1-24	IGHJ4
6zfo	B H	EY6A heavy chain	EVQLVESGGGVVQPGRSLRLSCAASAFTFSSYDMHWVRQAPGKGLEWVAVISYDGSNKYYADSVKGRFTISRDNSKNTLYLQMNSLRAEDTAVYYCAKDGGKLWVYYFDYWGQGTLVTVSSASTKGPSVFPLAPSSKSTSGGTAALGCLVKDYFPEPVTVSWNSGALTSGVHTFPAVLQSSGLYSLSSVVTVPSSSLGTQTYICNVNHKPSNTKVDKRVEPKSCDK	EVQLVESGGGVVQPGRSLRLSCAASAFTFSSYDMHWVRQAPGKGLEWVAVISYDGSNKYYADSVKGRFTISRDNSKNTLYLQMNSLRAEDTAVYYCAKDGGKLWVYYFDYWGQGTLVTVSS	CAKDGGKLWVYYFDYW	IGHV3-30	IGHJ4
7k8t	H M O	C002 Fab Heavy Chain	EVQLVESGGGVVQPGRSLRLSCAASGFTFSIYGMHWVRQAPGKGLEWVAVISYDGSNKYYADSVKGRFTISRDNSKNTLYLQMNSLRAEDTAVYYCAKEGRPSDIVVVVAFDYWGQGTLVTVSSASTKGPSVFPLAPSSKSTSGGTAALGCLVKDYFPEPVTVSWNSGALTSGVHTFPAVLQSSGLYSLSSVVTVPSSSLGTQTYICNVNHKPSNTKVDKRVEPKSCDKTHHHHHH	EVQLVESGGGVVQPGRSLRLSCAASGFTFSIYGMHWVRQAPGKGLEWVAVISYDGSNKYYADSVKGRFTISRDNSKNTLYLQMNSLRAEDTAVYYCAKEGRPSDIVVVVAFDYWGQGTLVTVSS	CAKEGRPSDIVVVVAFDYW	IGHV3-30	IGHJ4
7jwb	D	autonomous human heavy chain variable domain	EVQLVESGGGLVQPGGSLRLSCAASGFRIYSYYSYIGWVRRAPGKGEELVARIYPSSGYTYYADSVKGRFTISADTSKNTAYLQMNSLRAEDTAVYYCARWDFASPYYPGSSGLDYWGQGTLVTVSSGGGGTGGGGSGGGGSGGGGSEVQLVESGGGLVQPGGSLRLSCAASGFRIYSYYSYIGWVRRAPGKGEELVARIYPSSGYTYYADSVKGRFTISADTSKNTAYLQMNSLRAEDTAVYYCARWDFASPYYPGSSGLDYWGQGTLVTVSSGGGGSGGGGSGGGGSGGGGSEVQLVESGGGLVQPGGSLRLSCAASGFRIYSYYSYIGWVRRAPGKGEELVARIYPSSGYTYYADSVKGRFTISADTSKNTAYLQMNSLRAEDTAVYYCARWDFASPYYPGSSGLDYWGQGTLVTVSS	EVQLVESGGGLVQPGGSLRLSCAASGFRIYSYYSYIGWVRRAPGKGEELVARIYPSSGYTYYADSVKGRFTISADTSKNTAYLQMNSLRAEDTAVYYCARWDFASPYYPGSSGLDYWGQGTLVTVSS	CARWDFASPYYPGSSGLDYW	IGHV3-66	IGHJ4
7m3i	A H	CV2-75 Fab Heavy chain	(PCA)VQLQESGPGLVKPSETLSLTCTVSGGSISSYYWSWIRQPPGKGLEWIGYVYYSGSTNYNPSLKSRVTISVDTSKNEFSLKLSSVTAADTAVYYCASSQRPDGNLYYFDYWGQGTLVTVSSASTKGPSVFPLAPSSKSTSGGTAALGCLVKDYFPEPVTVSWNSGALTSGVHTFPAVLQSSGLYSLSSVVTVPSSSLGTQTYICNVNHKPSNTKVDKKVEPKSCDKT	VQLQESGPGLVKPSETLSLTCTVSGGSISSYYWSWIRQPPGKGLEWIGYVYYSGSTNYNPSLKSRVTISVDTSKNEFSLKLSSVTAADTAVYYCASSQRPDGNLYYFDYWGQGTLVTVSS	CASSQRPDGNLYYFDYW	IGHV4-59	IGHJ4
7dpm	A D G J	heavy chain of MW06	EVQLLESGGGLVQPGGSLRLSCAASGFTFSSYAMNWVRQAPGKGLEWVSVISGSGGSTYYADSVRGRFTISRDNSKNTLYLQMNSLRAEDTAVYCCAKGYYYDSSGYYFREDAFDIWGQGTLVTVSSASTKGPSVFPLAPSSKSTSGGTAALGCLVKDYFPEPVTVSWNSGALTSGVHTFPAVLQSSGLYSLSSVVTVPSSSLGTQTYICNVNHKPSNTKVDKKVEPKSC	EVQLLESGGGLVQPGGSLRLSCAASGFTFSSYAMNWVRQAPGKGLEWVSVISGSGGSTYYADSVRGRFTISRDNSKNTLYLQMNSLRAEDTAVYCCAKGYYYDSSGYYFREDAFDIWGQGTLVTVSS	CAKGYYYDSSGYYFREDAFDIW	IGHV3-23	IGHJ3
7lab	H T Y	DH1052 heavy chain	EVQLVESGAEVKKPGATVKISCKVSGYTFTDYYMHWVQQAPGKGLEWMGLVDPEDGETIYAEKFQGRVTITADTSTDTAYMELSSLRSEDTAVYYCATSSGPSRLCGGGSCYHSFDYWGQGTLVTVSSASTKGPSVFPLAPSSKSTSGGTAALGCLVKDYFPEPVTVSWNSGALTSGVHTFPAVLQSSGLYSLSSVVTVPSSSLGTQTYICNVNHKPSNTKVDKKVE	EVQLVESGAEVKKPGATVKISCKVSGYTFTDYYMHWVQQAPGKGLEWMGLVDPEDGETIYAEKFQGRVTITADTSTDTAYMELSSLRSEDTAVYYCATSSGPSRLCGGGSCYHSFDYWGQGTLVTVSS	CATSSGPSRLCGGGSCYHSFDYW	IGHV1-69-2	IGHJ4
7jmw	H	COVA1-16 heavy chain	QVQLVQSGAEVKKPGASVKVSCKASGYTFTSYYMHWVRQAPGQGLEWMGIINSSGGSTSYAQKFQGRVTMTRDTSTSTVYMELSSLRSEDTAVYYCARPPRNYYDRSGYYQRAEYFQHWGQGTLVTVSSASTKGPSVFPLAPSSKSTSGGTAALGCLVKDYFPEPVTVSWNSGALTSGVHTFPAVLQSSGLYSLSSVVTVPSSSLGTQTYICNVNHKPSNTKVDKRVEPKSCHHHHHH	QVQLVQSGAEVKKPGASVKVSCKASGYTFTSYYMHWVRQAPGQGLEWMGIINSSGGSTSYAQKFQGRVTMTRDTSTSTVYMELSSLRSEDTAVYYCARPPRNYYDRSGYYQRAEYFQHWGQGTLVTVSS	CARPPRNYYDRSGYYQRAEYFQHW	IGHV1-46	IGHJ1
7mmo	A D	LY-CoV1404 Fab heavy chain	(PCA)ITLKESGPTLVKPTQTLTLTCTFSGFSLSISGVGVGWLRQPPGKALEWLALIYWDDDKRYSPSLKSRLTISKDTSKNQVVLKMTNIDPVDTATYYCAHHSISTIFDHWGQGTLVTVSSASTKGPSVFPLAPCSRSTSESTAALGCLVKDYFPEPVTVSWNSGALTSGVHTFPAVLQSSGLYSLSSVVTVPSSSLGTKTYTCNVDHKPSNTKVDKRVHHHHHH	ITLKESGPTLVKPTQTLTLTCTFSGFSLSISGVGVGWLRQPPGKALEWLALIYWDDDKRYSPSLKSRLTISKDTSKNQVVLKMTNIDPVDTATYYCAHHSISTIFDHWGQGTLVTVSS	CAHHSISTIFDHW	IGHV2-5	IGHJ1
7k8s	H M O	C002 Fab Heavy Chain	EVQLVESGGGVVQPGRSLRLSCAASGFTFSIYGMHWVRQAPGKGLEWVAVISYDGSNKYYADSVKGRFTISRDNSKNTLYLQMNSLRAEDTAVYYCAKEGRPSDIVVVVAFDYWGQGTLVTVSSASTKGPSVFPLAPSSKSTSGGTAALGCLVKDYFPEPVTVSWNSGALTSGVHTFPAVLQSSGLYSLSSVVTVPSSSLGTQTYICNVNHKPSNTKVDKRVEPKSCDKTHHHHHH	EVQLVESGGGVVQPGRSLRLSCAASGFTFSIYGMHWVRQAPGKGLEWVAVISYDGSNKYYADSVKGRFTISRDNSKNTLYLQMNSLRAEDTAVYYCAKEGRPSDIVVVVAFDYWGQGTLVTVSS	CAKEGRPSDIVVVVAFDYW	IGHV3-30	IGHJ4
7k8y	G	C121 Fab Heavy chain	QVQLVQSGAEVKKPGASVKVSCKASGYTFTGYYMHWVRQAPGQGLEWMGWISPVSGGTNYAQKFQGRVTMTRDTSISTAYMELSRLRSDDTAVYYCARAPLFPTGVLAGDYYYYGMDVWGQGTTVTVSSASTKGPSVFPLAPSSKSTSGGTAALGCLVKDYFPEPVTVSWNSGALTSGVHTFPAVLQSSGLYSLSSVVTVPSSSLGTQTYICNVNHKPSNTKVDKRVEPKSCDKTHHHHHH	QVQLVQSGAEVKKPGASVKVSCKASGYTFTGYYMHWVRQAPGQGLEWMGWISPVSGGTNYAQKFQGRVTMTRDTSISTAYMELSRLRSDDTAVYYCARAPLFPTGVLAGDYYYYGMDVWGQGTTVTVSS	CARAPLFPTGVLAGDYYYYGMDVW	IGHV1-2	IGHJ6
7k8v	H M	C110 Fab Heavy Chain	QVQLQQSGAEVKKPGESLKISCKGSGYSFTSYWIGWVRQMPGKGLEWMGIIYPGDSDTRYSPSFQGQVTISADKSISTAYMQWSSLKASDTAMYYCARSFRDDPRIAVAGPADAFDIWGQGTMVTVSSASTKGPSVFPLAPSSKSTSGGTAALGCLVKDYFPEPVTVSWNSGALTSGVHTFPAVLQSSGLYSLSSVVTVPSSSLGTQTYICNVNHKPSNTKVDKRVEPKSCDKTHHHHHH	QVQLQQSGAEVKKPGESLKISCKGSGYSFTSYWIGWVRQMPGKGLEWMGIIYPGDSDTRYSPSFQGQVTISADKSISTAYMQWSSLKASDTAMYYCARSFRDDPRIAVAGPADAFDIWGQGTMVTVSS	CARSFRDDPRIAVAGPADAFDIW	IGHV5-51	IGHJ3
7k8w	H N	C119 Fab Heavy Chain	QVQLVQSGAEVKKPGASVKVSCKASGYTFTSYYMHWVRQAPGQGLEWMGIINPSGGSTSYAQKLQGRVTMTRDTSTSTVYMELSSLRSEDTAVYYCARANHETTMDTYYYYYYMDVWGKGTTVTVSSASTKGPSVFPLAPSSKSTSGGTAALGCLVKDYFPEPVTVSWNSGALTSGVHTFPAVLQSSGLYSLSSVVTVPSSSLGTQTYICNVNHKPSNTKVDKRVEPKSCDKTHHHHHH	QVQLVQSGAEVKKPGASVKVSCKASGYTFTSYYMHWVRQAPGQGLEWMGIINPSGGSTSYAQKLQGRVTMTRDTSTSTVYMELSSLRSEDTAVYYCARANHETTMDTYYYYYYMDVWGKGTTVTVSS	CARANHETTMDTYYYYYYMDVW	IGHV1-46	IGHJ6
7d4g	N	Heavy chain of FC05 Fab	EVQLLEQSGAEVKKPGASVRVSCKVSGYTLPEVAMHWVRQAPGKGLEWMGGFDPEDGETMYAQKFQGRVTMTEDTSTDTAYMELSSLRSEDTAVYYCATTTPFSSSYWFDPWGQGTLVTVSS	EVQLLEQSGAEVKKPGASVRVSCKVSGYTLPEVAMHWVRQAPGKGLEWMGGFDPEDGETMYAQKFQGRVTMTEDTSTDTAYMELSSLRSEDTAVYYCATTTPFSSSYWFDPWGQGTLVTVSS	CATTTPFSSSYWFDPW	IGHV1-24	IGHJ5
7k8u	H	C104 Fab Heavy Chain	QVQLQQWGAGLLKPSETLSLSCAVYGGSLSGYYWSWIRQPPGKGLEWIGEINHFGSTGYNPSLKSRVTISVDTSKSQFSVKLSSVTAADTAVYYCARKPLLYSNLSPGAFDIWGQGTMVTVSSASTKGPSVFPLAPSSKSTSGGTAALGCLVKDYFPEPVTVSWNSGALTSGVHTFPAVLQSSGLYSLSSVVTVPSSSLGTQTYICNVNHKPSNTKVDKRVEPKSCDKTHHHHHH	QVQLQQWGAGLLKPSETLSLSCAVYGGSLSGYYWSWIRQPPGKGLEWIGEINHFGSTGYNPSLKSRVTISVDTSKSQFSVKLSSVTAADTAVYYCARKPLLYSNLSPGAFDIWGQGTMVTVSS	CARKPLLYSNLSPGAFDIW	IGHV4-34	IGHJ3
7k8z	H M	C135 Fab Heavy Chain	QVQLVESGGGVVQPGRSLRLSCAASGFTFSSYAMHWVRQAPGKGLEWVAVIPFDGRNKYYADSVTGRFTISRDNSKNTLYLQMNSLRAEDTAVYYCASSSGYLFHSDYWGQGTLVTVSSASTKGPSVFPLAPSSKSTSGGTAALGCLVKDYFPEPVTVSWNSGALTSGVHTFPAVLQSSGLYSLSSVVTVPSSSLGTQTYICNVNHKPSNTKVDKRVEPKSCDKTHHHHHH	QVQLVESGGGVVQPGRSLRLSCAASGFTFSSYAMHWVRQAPGKGLEWVAVIPFDGRNKYYADSVTGRFTISRDNSKNTLYLQMNSLRAEDTAVYYCASSSGYLFHSDYWGQGTLVTVSS	CASSSGYLFHSDYW	IGHV3-30	IGHJ4
7k8x	D E	C121 Fab Heavy chain	QVQLVQSGAEVKKPGASVKVSCKASGYTFTGYYMHWVRQAPGQGLEWMGWISPVSGGTNYAQKFQGRVTMTRDTSISTAYMELSRLRSDDTAVYYCARAPLFPTGVLAGDYYYYGMDVWGQGTTVTVSSASTKGPSVFPLAPSSKSTSGGTAALGCLVKDYFPEPVTVSWNSGALTSGVHTFPAVLQSSGLYSLSSVVTVPSSSLGTQTYICNVNHKPSNTKVDKRVEPKSCDKTHHHHHH	QVQLVQSGAEVKKPGASVKVSCKASGYTFTGYYMHWVRQAPGQGLEWMGWISPVSGGTNYAQKFQGRVTMTRDTSISTAYMELSRLRSDDTAVYYCARAPLFPTGVLAGDYYYYGMDVWGQGTTVTVSS	CARAPLFPTGVLAGDYYYYGMDVW	IGHV1-2	IGHJ6
7laa	H	DH1041 heavy chain	EVQLVESGGGLVQPGGSLRLSCAASGVTFSSYWMSWVRQAPGKGLEWVANIRQDGSEKYSVDSVKGRFTISRDNAKNSLYLQMNSLRAEDTAVYYCARARRADNSGYYGFHFDCWGQGTLVTVSSASTKGPSVFPLAPSSKSTSGGTAALGCLVKDYFPEPVTVSWNSGALTSGVHTFPAVLQSSGLYSLSSVVTVPSSSLGTQTYICNVNHKPSNTKVDKKVEPK	EVQLVESGGGLVQPGGSLRLSCAASGVTFSSYWMSWVRQAPGKGLEWVANIRQDGSEKYSVDSVKGRFTISRDNAKNSLYLQMNSLRAEDTAVYYCARARRADNSGYYGFHFDCWGQGTLVTVSS	CARARRADNSGYYGFHFDCW	IGHV3-7	IGHJ5
7k90	H M O	C144 Fab Heavy Chain	EVQLVESGGGLIQPGGSLRLSCAASGFTVSNNYMSWVRQAPGKGLEWVSVIYSGGSTYYADSVKGRFTISRDKSKNTLYLQMNRLRAEDTAVYYCAREGEVEGYNDFWSGYSRDRYYFDYWGQGTLVTVSSASTKGPSVFPLAPSSKSTSGGTAALGCLVKDYFPEPVTVSWNSGALTSGVHTFPAVLQSSGLYSLSSVVTVPSSSLGTQTYICNVNHKPSNTKVDKRVEPKSCDKTHHHHHH	EVQLVESGGGLIQPGGSLRLSCAASGFTVSNNYMSWVRQAPGKGLEWVSVIYSGGSTYYADSVKGRFTISRDKSKNTLYLQMNRLRAEDTAVYYCAREGEVEGYNDFWSGYSRDRYYFDYWGQGTLVTVSS	CAREGEVEGYNDFWSGYSRDRYYFDYW	IGHV3-53	IGHJ4
7nd3	H	COVOX-40 heavy chain	ILFLVATATGVHSQVQLVESGGGLVQPGGSLRLSCAVSGFTVSRNYMSWVRQAPGKGLEWVSLIYSGGSTFYADSVKGRFTISRDNSKNTLYLQMNSLRAEDTAVYYCARDLFHRSGYHDYWGQGTLVTVSSASTKGPSVFPLAPSSKSTSGGTAALGCLVKDYFPEPVTVSWNSGALTSGVHTFPAVLQSSGLYSLSSVVTVPSSSLGTQTYICNVNHKPSNTKVDKKVEPKSCDK	QVQLVESGGGLVQPGGSLRLSCAVSGFTVSRNYMSWVRQAPGKGLEWVSLIYSGGSTFYADSVKGRFTISRDNSKNTLYLQMNSLRAEDTAVYYCARDLFHRSGYHDYWGQGTLVTVSS	CARDLFHRSGYHDYW	IGHV3-66	IGHJ4
7l3n	D	LY-CoV555 Fab heavy chain	QVQLVQSGAEVKKPGSSVKVSCKASGGTFSNYAISWVRQAPGQGLEWMGRIIPILGIANYAQKFQGRVTITADKSTSTAYMELSSLRSEDTAVYYCARGYYEARHYYYYYAMDVWGQGTAVTVSSASTKGPSVFPLAPCSRSTSESTAALGCLVKDYFPEPVTVSWNSGALTSGVHTFPAVLQSSGLYSLSSVVTVPSSSLGTKTYTCNVDHKPSNTKVDKRVHHHHH	QVQLVQSGAEVKKPGSSVKVSCKASGGTFSNYAISWVRQAPGQGLEWMGRIIPILGIANYAQKFQGRVTITADKSTSTAYMELSSLRSEDTAVYYCARGYYEARHYYYYYAMDVWGQGTAVTVSS	CARGYYEARHYYYYYAMDVW	IGHV1-69	IGHJ1
7c01	C H	CB6 heavy chain	EVQLVESGGGLVQPGGSLRLSCAASGFTVSSNYMSWVRQAPGKGLEWVSVIYSGGSTFYADSVKGRFTISRDNSMNTLFLQMNSLRAEDTAVYYCARVLPMYGDYLDYWGQGTLVTVSSASTKGPSVFPLAPSSKSTSGGTAALGCLVKDYFPEPVTVSWNSGALTSGVHTFPAVLQSSGLYSLSSVVTVPSSSLGTQTYICNVNHKPSNTKVDKRVEPKSCDKTHTHHHHHH	EVQLVESGGGLVQPGGSLRLSCAASGFTVSSNYMSWVRQAPGKGLEWVSVIYSGGSTFYADSVKGRFTISRDNSMNTLFLQMNSLRAEDTAVYYCARVLPMYGDYLDYWGQGTLVTVSS	CARVLPMYGDYLDYW	IGHV3-66	IGHJ4
7lxy	E F M	S2M11 Fab Heavy Chain variable region	VQLVQSGAEVKKPGASVKVSCKASGYTFTGYYMHWVRQAPGQGLEWMGWINPISSGTSYAQTFQGRVTMTSDTSITTAYMELSRLRSDDTAVYYCARAAPFYDFWSGYSYFDYWGQGTLVTV	VQLVQSGAEVKKPGASVKVSCKASGYTFTGYYMHWVRQAPGQGLEWMGWINPISSGTSYAQTFQGRVTMTSDTSITTAYMELSRLRSDDTAVYYCARAAPFYDFWSGYSYFDYWGQGTLVTV	CARAAPFYDFWSGYSYFDYW	IGHV1-2	IGHJ4
7lxy	G H N	S2X333 Fab Heavy Chain variable region	VQLVESGGGVVQPGRSLRLSCAASGFTFSNYGMHWVRQAPGKGLEWVAVIWYDGSNKFYADSVKGRFTISRDNSKNSLYLQMNSLRAEDTAVYFCARAFPDSSSWSGFTIDYWGQGTLVTV	VQLVESGGGVVQPGRSLRLSCAASGFTFSNYGMHWVRQAPGKGLEWVAVIWYDGSNKFYADSVKGRFTISRDNSKNSLYLQMNSLRAEDTAVYFCARAFPDSSSWSGFTIDYWGQGTLVTV	CARAFPDSSSWSGFTIDYW	IGHV3-33	IGHJ4
7lxx	H	S2L28 Fab Heavy Chain variable region	EVQLVESGGGLVNPGGSLRLSCAASGFTFSDYTIHWVRQAPGKGLEWVSSISSSSNYIYYADSVKGRFTISRDNAKNSLSLQMNSLRAEDTAVYYCARDGNAYKWLLAENVRFDYWGQGTLVTVSS	EVQLVESGGGLVNPGGSLRLSCAASGFTFSDYTIHWVRQAPGKGLEWVSSISSSSNYIYYADSVKGRFTISRDNAKNSLSLQMNSLRAEDTAVYYCARDGNAYKWLLAENVRFDYWGQGTLVTVSS	CARDGNAYKWLLAENVRFDYW	IGHV3-21	IGHJ4
7lxz	E F M	S2M11 Fab Heavy Chain variable region	VQLVQSGAEVKKPGASVKVSCKASGYTFTGYYMHWVRQAPGQGLEWMGWINPISSGTSYAQTFQGRVTMTSDTSITTAYMELSRLRSDDTAVYYCARAAPFYDFWSGYSYFDYWGQGTLVTV	VQLVQSGAEVKKPGASVKVSCKASGYTFTGYYMHWVRQAPGQGLEWMGWINPISSGTSYAQTFQGRVTMTSDTSITTAYMELSRLRSDDTAVYYCARAAPFYDFWSGYSYFDYWGQGTLVTV	CARAAPFYDFWSGYSYFDYW	IGHV1-2	IGHJ4
7lxz	G H N	S2L28 Fab Heavy Chain variable region	EVQLVESGGGLVNPGGSLRLSCAASGFTFSDYTIHWVRQAPGKGLEWVSSISSSSNYIYYADSVKGRFTISRDNAKNSLSLQMNSLRAEDTAVYYCARDGNAYKWLLAENVRFDYWGQGTLVTVSS	EVQLVESGGGLVNPGGSLRLSCAASGFTFSDYTIHWVRQAPGKGLEWVSSISSSSNYIYYADSVKGRFTISRDNAKNSLSLQMNSLRAEDTAVYYCARDGNAYKWLLAENVRFDYWGQGTLVTVSS	CARDGNAYKWLLAENVRFDYW	IGHV3-21	IGHJ4
7b3o	H	Heavy Chain of Fab Fragment	QVQLVESGGGLVQPGGSLRLSCAASGLTVSSNYMSWVRQAPGKGLEWVSVIYSGGSTYYADSVKGRFTISRDDSKNTLYLQMNSLRAEDTAVYYCARDVADAFDIWGQGTMVTVSSASTKGPSVFPLAPSSKSTSGGTAALGCLVKDYFPEPVTVSWNSGALTSGVHTFPAVLQSSGLYSLSSVVTVPSSSLGTQTYICNVNHKPSNTKVDKKVEPKSCAAAHHHHHH	QVQLVESGGGLVQPGGSLRLSCAASGLTVSSNYMSWVRQAPGKGLEWVSVIYSGGSTYYADSVKGRFTISRDDSKNTLYLQMNSLRAEDTAVYYCARDVADAFDIWGQGTMVTVSS	CARDVADAFDIW	IGHV3-66	IGHJ3
7lxw	H	S2X333 Fab Heavy Chain variable region	VQLVESGGGVVQPGRSLRLSCAASGFTFSNYGMHWVRQAPGKGLEWVAVIWYDGSNKFYADSVKGRFTISRDNSKNSLYLQMNSLRAEDTAVYFCARAFPDSSSWSGFTIDYWGQGTLVTV	VQLVESGGGVVQPGRSLRLSCAASGFTFSNYGMHWVRQAPGKGLEWVAVIWYDGSNKFYADSVKGRFTISRDNSKNSLYLQMNSLRAEDTAVYFCARAFPDSSSWSGFTIDYWGQGTLVTV	CARAFPDSSSWSGFTIDYW	IGHV3-33	IGHJ4
7k8m	A	C102 Fab Heavy Chain	QVQLVESGGGLIQPGGSLRLSCAASGFIVSSNYMSWVRQAPGKGLEWVSVIYSGGSTFYADSVKGRFTISRDNSKNTLYLQMNSLRAEDTAVYYCARDYGDYYFDYWGQGTLVTVSSASTKGPSVFPLAPSSKSTSGGTAALGCLVKDYFPEPVTVSWNSGALTSGVHTFPAVLQSSGLYSLSSVVTVPSSSLGTQTYICNVNHKPSNTKVDKRVEPKSCDKTHHHHHH	QVQLVESGGGLIQPGGSLRLSCAASGFIVSSNYMSWVRQAPGKGLEWVSVIYSGGSTFYADSVKGRFTISRDNSKNTLYLQMNSLRAEDTAVYYCARDYGDYYFDYWGQGTLVTVSS	CARDYGDYYFDYW	IGHV3-53	IGHJ4
7nd7	F H J	COVOX-316 Fab heavy chain	QVQLVQSGAEVKKPGASVKVSCKASGYTFTGYYMHWVRQAPGQGLEWMGWINPNSGGTNYTQKFQGRVTMTRDTSISTAYMELSRLRSDDTAVYSCARDMAFSMVRGSFDYWGQGTLVTVSSASTKGPSVFPLAPSSKSTSGGTAALGCLVKDYFPEPVTVSWNSGALTSGVHTFPAVLQSSGLYSLSSVVTVPSSSLGTQTYICNVNHKPSNTKVDKKVEPKSCDK	QVQLVQSGAEVKKPGASVKVSCKASGYTFTGYYMHWVRQAPGQGLEWMGWINPNSGGTNYTQKFQGRVTMTRDTSISTAYMELSRLRSDDTAVYSCARDMAFSMVRGSFDYWGQGTLVTVSS	CARDMAFSMVRGSFDYW	IGHV1-2	IGHJ4
7ndc	D F H	COVOX-159 heavy Fab chain	ILFLVATATGVHSEVQLVESGGGVVQPGRSLRLSCAASGFTFSSYGMHWVRQAPGKGLEWVALISYDGGNRYYADSVKGRFTISRDNSKNTLYLQMNRLRAEDTAMYYCAKDRDDGWDWYYFMDVWGKGTTVTVSSASTKGPSVFPLAPSSKSTSGGTAALGCLVKDYFPEPVTVSWNSGALTSGVHTFPAVLQSSGLYSLSSVVTVPSSSLGTQTYICNVNHKPSNTKVDKKVEPKSCDK	EVQLVESGGGVVQPGRSLRLSCAASGFTFSSYGMHWVRQAPGKGLEWVALISYDGGNRYYADSVKGRFTISRDNSKNTLYLQMNRLRAEDTAMYYCAKDRDDGWDWYYFMDVWGKGTTVTVSS	CAKDRDDGWDWYYFMDVW	IGHV3-30	IGHJ6
7nd5	H	COVOX-150 Fab heavy chain	ILFLVATATGVHSQVQLVESGGGLIQPGGSLRLSCAASGVTVSSNYMSWVRQAPGKGLEWVSIIYSGGTTYYADSVKGRFTISRDSSMNTLYLQMNSLRAEDTAVYYCARDLMVYGIDVWGQGTTVTVSSASTKGPSVFPLAPSSKSTSGGTAALGCLVKDYFPEPVTVSWNSGALTSGVHTFPAVLQSSGLYSLSSVVTVPSSSLGTQTYICNVNHKPSNTKVDKKVEPKSCDK	QVQLVESGGGLIQPGGSLRLSCAASGVTVSSNYMSWVRQAPGKGLEWVSIIYSGGTTYYADSVKGRFTISRDSSMNTLYLQMNSLRAEDTAVYYCARDLMVYGIDVWGQGTTVTVSS	CARDLMVYGIDVW	IGHV3-53	IGHJ6
7kmg	A D	LY-CoV555 Fab heavy chain	QVQLVQSGAEVKKPGSSVKVSCKASGGTFSNYAISWVRQAPGQGLEWMGRIIPILGIANYAQKFQGRVTITADKSTSTAYMELSSLRSEDTAVYYCARGYYEARHYYYYYAMDVWGQGTAVTVSSASTKGPSVFPLAPCSRSTSESTAALGCLVKDYFPEPVTVSWNSGALTSGVHTFPAVLQSSGLYSLSSVVTVPSSSLGTKTYTCNVDHKPSNTKVDKRVHHHHHH	QVQLVQSGAEVKKPGSSVKVSCKASGGTFSNYAISWVRQAPGQGLEWMGRIIPILGIANYAQKFQGRVTITADKSTSTAYMELSSLRSEDTAVYYCARGYYEARHYYYYYAMDVWGQGTAVTVSS	CARGYYEARHYYYYYAMDVW	IGHV1-69	IGHJ1
7bel	A C	COVOX-45 heavy chain	QVQLVESGGGVVQPGRSLRLSCAASGFTFSTYAMHWVRQAPGKGLEWVAVLSYDGSNKYYADSVKGRFTISRDNSKNTLYLQMNSLRAEDTAVYYCAKGGSYAYYYYMDVWGKGTTVTVSSASTKGPSVFPLAPSSKSTSGGTAALGCLVKDYFPEPVTVSWNSGALTSGVHTFPAVLQSSGLYSLSSVVTVPSSSLGTQTYICNVNHKPSNTKVDKKVEPKSCDK	QVQLVESGGGVVQPGRSLRLSCAASGFTFSTYAMHWVRQAPGKGLEWVAVLSYDGSNKYYADSVKGRFTISRDNSKNTLYLQMNSLRAEDTAVYYCAKGGSYAYYYYMDVWGKGTTVTVSS	CAKGGSYAYYYYMDVW	IGHV3-30-3	IGHJ6
7bel	E H	COVOX-88 heavy chain	ILFLVATATGVHSQLQLQESGPGLVKPSQTLSLTCTVSGGSISSGSYNWTWIRQPAGKGLEWIGRIYNSGSTNYNPSLKSRVTISVDTSKNQLSLKVRSVTAADTAVYYCARHCSGGTCYPKYYYGMDVWGQGTTVTVSSASTKGPSVFPLAPSSKSTSGGTAALGCLVKDYFPEPVTVSWNSGALTSGVHTFPAVLQSSGLYSLSSVVTVPSSSLGTQTYICNVNHKPSNTKVDKKVEPKSCDK	QLQLQESGPGLVKPSQTLSLTCTVSGGSISSGSYNWTWIRQPAGKGLEWIGRIYNSGSTNYNPSLKSRVTISVDTSKNQLSLKVRSVTAADTAVYYCARHCSGGTCYPKYYYGMDVWGQGTTVTVSS	CARHCSGGTCYPKYYYGMDVW	IGHV4-61	IGHJ6
7kmh	A	LY-CoV488 Fab heavy chain	EVQLVESGGGLIQPGGSLRLSCAASGLTVSSNYMSWVRQAPGKGLEWVSVIYSGGSTYYADSVKGRFTISRDNSKNTLYLQMNSLRAEDTAVYYCARSPYGGNSWGQGTLVTVSSASTKGPSVFPLAPCSRSTSESTAALGCLVKDYFPEPVTVSWNSGALTSGVHTFPAVLQSSGLYSLSSVVTVPSSSLGTKTYTCNVDHKPSNTKVDKRVHHHHHH	EVQLVESGGGLIQPGGSLRLSCAASGLTVSSNYMSWVRQAPGKGLEWVSVIYSGGSTYYADSVKGRFTISRDNSKNTLYLQMNSLRAEDTAVYYCARSPYGGNSWGQGTLVTVSS	CARSPYGGNSW	IGHV3-53	IGHJ1
7kmk	H I	Fab 15033-7 heavy chain	EVQLVESGGGLVQPGGSLRLSCAASGFDLGGYSMHWVRQAPGKGLEWVAGIYASGGATAYADSVKGRFTISADTSKNTAYLQMNSLRAEDTAVYYCARSYYYGGFGMDYWGQGTLVTVSSASTKGPSVFPLAPSSKSTSGGTAALGCLVKDYFPEPVTVSWNSGALTSGVHTFPAVLQSSGLYSLSSVVTVPSSSLGTQTYICNVNHKPSNTKVDKKVEPKSCDK	EVQLVESGGGLVQPGGSLRLSCAASGFDLGGYSMHWVRQAPGKGLEWVAGIYASGGATAYADSVKGRFTISADTSKNTAYLQMNSLRAEDTAVYYCARSYYYGGFGMDYWGQGTLVTVSS	CARSYYYGGFGMDYW	IGHV3-66	IGHJ4
7beo	C H	COVOX-253H55L heavy chain	QVQLVQSGPEVKKPGTSVKVSCKASGFTFTTSAVQWVRQARGQRLEWIGWIVVGSGNTNYAQKFQERVTITRDMSTTTAYMELSSLRSEDTAVYFCAAPHCNSTSCYDAFDIWGQGTMVTVSSASTKGPSVFPLAPSSKSTSGGTAALGCLVKDYFPEPVTVSWNSGALTSGVHTFPAVLQSSGLYSLSSVVTVPSSSLGTQTYICNVNHKPSNTKVDKKVEPKSCDK	QVQLVQSGPEVKKPGTSVKVSCKASGFTFTTSAVQWVRQARGQRLEWIGWIVVGSGNTNYAQKFQERVTITRDMSTTTAYMELSSLRSEDTAVYFCAAPHCNSTSCYDAFDIWGQGTMVTVSS	CAAPHCNSTSCYDAFDIW	IGHV1-58	IGHJ3
7beo	A E	COVOX-75 heavy chain	ILFLVATATGVHSQVQLVESGGGVVQPGRSLRLSCAASGFTFNNYPLHWVRQAPGKGPEWVAVISQDGGNKYYVDSVKGRFTISRDNSKNTLYLQMNNLRAEDTALYYCARDVVVVVAARNHYYNGMDVWGQGTTVTVSSASTKGPSVFPLAPSSKSTSGGTAALGCLVKDYFPEPVTVSWNSGALTSGVHTFPAVLQSSGLYSLSSVVTVPSSSLGTQTYICNVNHKPSNTKVDKKVEPKSCDK	QVQLVESGGGVVQPGRSLRLSCAASGFTFNNYPLHWVRQAPGKGPEWVAVISQDGGNKYYVDSVKGRFTISRDNSKNTLYLQMNNLRAEDTALYYCARDVVVVVAARNHYYNGMDVWGQGTTVTVSS	CARDVVVVVAARNHYYNGMDVW	IGHV3-30	IGHJ1
7beh	H	COVOX-316 heavy chain	ILFLVATATGVHSQVQLVQSGAEVKKPGASVKVSCKASGYTFTGYYMHWVRQAPGQGLEWMGWINPNSGGTNYTQKFQGRVTMTRDTSISTAYMELSRLRSDDTAVYSCARDMAFSMVRGSFDYWGQGTLVTVSSASTKGPSVFPLAPSSKSTSGGTAALGCLVKDYFPEPVTVSWNSGALTSGVHTFPAVLQSSGLYSLSSVVTVPSSSLGTQTYICNVNHKPSNTKVDKKVEPKSCDK	QVQLVQSGAEVKKPGASVKVSCKASGYTFTGYYMHWVRQAPGQGLEWMGWINPNSGGTNYTQKFQGRVTMTRDTSISTAYMELSRLRSDDTAVYSCARDMAFSMVRGSFDYWGQGTLVTVSS	CARDMAFSMVRGSFDYW	IGHV1-2	IGHJ4
7bei	H	COVOX-150 heavy chain	ILFLVATATGVHSQVQLVESGGGLIQPGGSLRLSCAASGVTVSSNYMSWVRQAPGKGLEWVSIIYSGGTTYYADSVKGRFTISRDSSMNTLYLQMNSLRAEDTAVYYCARDLMVYGIDVWGQGTTVTVSSASTKGPSVFPLAPSSKSTSGGTAALGCLVKDYFPEPVTVSWNSGALTSGVHTFPAVLQSSGLYSLSSVVTVPSSSLGTQTYICNVNHKPSNTKVDKKVEPKSCDK	QVQLVESGGGLIQPGGSLRLSCAASGVTVSSNYMSWVRQAPGKGLEWVSIIYSGGTTYYADSVKGRFTISRDSSMNTLYLQMNSLRAEDTAVYYCARDLMVYGIDVWGQGTTVTVSS	CARDLMVYGIDVW	IGHV3-53	IGHJ6
7bej	H	COVOX-158 heavy chain	EVQLLESGGDLIQPGGSLRLSCAASGVTVSSNYMSWVRQAPGKGLEWVSIIYPGGSTFYADSVKGRFTISRDNSKNTLYLQMHSLRAEDTAVYYCARDLGSGDMDVWGKGTTVTVSSASTKGPSVFPLAPSSKSTSGGTAALGCLVKDYFPEPVTVSWNSGALTSGVHTFPAVLQSSGLYSLSSVVTVPSSSLGTQTYICNVNHKPSNTKVDKKVEPKSCDK	EVQLLESGGDLIQPGGSLRLSCAASGVTVSSNYMSWVRQAPGKGLEWVSIIYPGGSTFYADSVKGRFTISRDNSKNTLYLQMHSLRAEDTAVYYCARDLGSGDMDVWGKGTTVTVSS	CARDLGSGDMDVW	IGHV3-53	IGHJ6
7bek	H	COVOX-158 heavy chain	EVQLLESGGDLIQPGGSLRLSCAASGVTVSSNYMSWVRQAPGKGLEWVSIIYPGGSTFYADSVKGRFTISRDNSKNTLYLQMHSLRAEDTAVYYCARDLGSGDMDVWGKGTTVTVSSASTKGPSVFPLAPSSKSTSGGTAALGCLVKDYFPEPVTVSWNSGALTSGVHTFPAVLQSSGLYSLSSVVTVPSSSLGTQTYICNVNHKPSNTKVDKKVEPKSCDK	EVQLLESGGDLIQPGGSLRLSCAASGVTVSSNYMSWVRQAPGKGLEWVSIIYPGGSTFYADSVKGRFTISRDNSKNTLYLQMHSLRAEDTAVYYCARDLGSGDMDVWGKGTTVTVSS	CARDLGSGDMDVW	IGHV3-53	IGHJ6
6ym0	H	heavy chain	QMQLVQSGTEVKKPGESLKISCKGSGYGFITYWIGWVRQMPGKGLEWMGIIYPGDSETRYSPSFQGQVTISADKSINTAYLQWSSLKASDTAIYYCAGGSGISTPMDVWGQGTTVTVASTKGPSVFPLAPSSKSTSGGTAALGCLVKDYFPEPVTVSWNSGALTSGVHTFPAVLQSSGLYSLSSVVTVPSSSLGTQTYICNVNHKPSNTKVDKKVEPKSCDKHHHHHH	QMQLVQSGTEVKKPGESLKISCKGSGYGFITYWIGWVRQMPGKGLEWMGIIYPGDSETRYSPSFQGQVTISADKSINTAYLQWSSLKASDTAIYYCAGGSGISTPMDVWGQGTTVTVAS	CAGGSGISTPMDVW	IGHV5-51	IGHJ6
7cjf	A	antibody heavy chain	EVQLVESGGGLIQPGGSLRLSCAASGFIVSSNYMSWVRQAPGKGLEWVSIIYSGGSTFYADSVKGRFTISRDNSKNTLYLQMNSLRVEDTAVYYCARDLQELGSLDYWGQGTLVTVSSASTKGPSVFPLAPCSRSTSESTAALGCLVKDYFPEPVTVSWNSGALTSGVHTFPAVLQSSGLYSLSSVVTVPSSSLGTKTYTCNVDHKPSNTKVDKRVESKYGPPCPPCP	EVQLVESGGGLIQPGGSLRLSCAASGFIVSSNYMSWVRQAPGKGLEWVSIIYSGGSTFYADSVKGRFTISRDNSKNTLYLQMNSLRVEDTAVYYCARDLQELGSLDYWGQGTLVTVSS	CARDLQELGSLDYW	IGHV3-53	IGHJ4
7nd4	D F H	COVOX-88 Fab heavy chain	ILFLVATATGVHSQLQLQESGPGLVKPSQTLSLTCTVSGGSISSGSYNWTWIRQPAGKGLEWIGRIYNSGSTNYNPSLKSRVTISVDTSKNQLSLKVRSVTAADTAVYYCARHCSGGTCYPKYYYGMDVWGQGTTVTVSSASTKGPSVFPLAPSSKSTSGGTAALGCLVKDYFPEPVTVSWNSGALTSGVHTFPAVLQSSGLYSLSSVVTVPSSSLGTQTYICNVNHKPSNTKVDKKVEPKSCDK	QLQLQESGPGLVKPSQTLSLTCTVSGGSISSGSYNWTWIRQPAGKGLEWIGRIYNSGSTNYNPSLKSRVTISVDTSKNQLSLKVRSVTAADTAVYYCARHCSGGTCYPKYYYGMDVWGQGTTVTVSS	CARHCSGGTCYPKYYYGMDVW	IGHV4-61	IGHJ6
7cm4	H	IgG heavy chain	QITLKESGPTLVKPTQTLTLTCSFSGFSLSTSGVGVGWIRQPPGKALEWLALIDWDDNKYHTTSLKTRLTISKDTSKNQVVLTMTNMDPVDTATYYCARIPGFLRYRNRYYYYGMDVWGQGTTVTVSSASTKGPSVFPLAPSSKSTSGGTAALGCLVKDYFPEPVTVSWNSGALTSGVHTFPAVLQSSGLYSLSSVVTVPSSSLGTQTYICNVNHKPSNTKVDKRVEPKSCDKTHTCPPCPAPELLGGPSVFLFPPKPKDTLMISRTPEVTCVVVDVSHEDPEVKFNWYVDGVEVHNAKTKPREEQYNSTYRVVSVLTVLHQDWLNGKEYKCKVSNKALPAPIEKTISKAKGQPREPQVYTLPPSRDELTKNQVSLTCLVKGFYPSDIAVEWESNGQPENNYKTTPPVLDSDGSFFLYSKLTVDKSRWQQGNVFSCSVMHEALHNHYTQKSLSLSPGK	QITLKESGPTLVKPTQTLTLTCSFSGFSLSTSGVGVGWIRQPPGKALEWLALIDWDDNKYHTTSLKTRLTISKDTSKNQVVLTMTNMDPVDTATYYCARIPGFLRYRNRYYYYGMDVWGQGTTVTVSS	CARIPGFLRYRNRYYYYGMDVW	IGHV2-70	IGHJ6
7cr5	H	monoclonal antibody chain H	QVQLVESGGGVVQPGRSLRLSCAASGFTFSSYIMHWVRQAPGKGLEWVAVISYDGSNEAYADSVKGRFTISRDNSKNTLYLQMSSLRAEDTGVYYCARETGDYSSSWYDSWGRGTLVTVSSASTKGPSVFPLAPSSKSTSGGTAALGCLVKDYFPEPVTVSWNSGALTSGVHTFPAVLQSSGLYSLSSVVTVPSSSLGTQTYICNVNHKPSNTKVDKRVEPKSCDK	QVQLVESGGGVVQPGRSLRLSCAASGFTFSSYIMHWVRQAPGKGLEWVAVISYDGSNEAYADSVKGRFTISRDNSKNTLYLQMSSLRAEDTGVYYCARETGDYSSSWYDSWGRGTLVTVSS	CARETGDYSSSWYDSW	IGHV3-30	IGHJ2
6yla	B H	Heavy Chain	TQMQLVQSGTEVKKPGESLKISCKGSGYGFITYWIGWVRQMPGKGLEWMGIIYPGDSETRYSPSFQGQVTISADKSINTAYLQWSSLKASDTAIYYCAGGSGISTPMDVWGQGTTVTVASTKGPSVFPLAPSSKSTSGGTAALGCLVKDYFPEPVTVSWNSGALTSGVHTFPAVLQSSGLYSLSSVVTVPSSSLGTQTYICNVNHKPSNTKVDKKVEPKSCDKHHHHHH	QMQLVQSGTEVKKPGESLKISCKGSGYGFITYWIGWVRQMPGKGLEWMGIIYPGDSETRYSPSFQGQVTISADKSINTAYLQWSSLKASDTAIYYCAGGSGISTPMDVWGQGTTVTVAS	CAGGSGISTPMDVW	IGHV5-51	IGHJ6
7akd	D H	47D11 neutralizing antibody heavy chain	QVQLQESGPGLVKPSETLSLTCSVSGGSISSHYWSWIRQPPGKGLEWIGYIYYSGSTNHNPSLKSRVTISVDTSKNQFSLKLSSVTAADTAVYYCARGVLLWFGEPIFEIWGQGTMVTVSS	QVQLQESGPGLVKPSETLSLTCSVSGGSISSHYWSWIRQPPGKGLEWIGYIYYSGSTNHNPSLKSRVTISVDTSKNQFSLKLSSVTAADTAVYYCARGVLLWFGEPIFEIWGQGTMVTVSS	CARGVLLWFGEPIFEIW	IGHV4-59	IGHJ3
7kxj	H I J	Fab 15033-7 heavy chain	EVQLVESGGGLVQPGGSLRLSCAASGFDLGGYSMHWVRQAPGKGLEWVAGIYASGGATAYADSVKGRFTISADTSKNTAYLQMNSLRAEDTAVYYCARSYYYGGFGMDYWGQGTLVTVSSASTKGPSVFPLAPSSKSTSGGTAALGCLVKDYFPEPVTVSWNSGALTSGVHTFPAVLQSSGLYSLSSVVTVPSSSLGTQTYICNVNHKPSNTKVDKKVEPKSCDK	EVQLVESGGGLVQPGGSLRLSCAASGFDLGGYSMHWVRQAPGKGLEWVAGIYASGGATAYADSVKGRFTISADTSKNTAYLQMNSLRAEDTAVYYCARSYYYGGFGMDYWGQGTLVTVSS	CARSYYYGGFGMDYW	IGHV3-66	IGHJ4
7kxk	H I J	Fab 15033-7 heavy chain	EVQLVESGGGLVQPGGSLRLSCAASGFDLGGYSMHWVRQAPGKGLEWVAGIYASGGATAYADSVKGRFTISADTSKNTAYLQMNSLRAEDTAVYYCARSYYYGGFGMDYWGQGTLVTVSSASTKGPSVFPLAPSSKSTSGGTAALGCLVKDYFPEPVTVSWNSGALTSGVHTFPAVLQSSGLYSLSSVVTVPSSSLGTQTYICNVNHKPSNTKVDKKVEPKSCDK	EVQLVESGGGLVQPGGSLRLSCAASGFDLGGYSMHWVRQAPGKGLEWVAGIYASGGATAYADSVKGRFTISADTSKNTAYLQMNSLRAEDTAVYYCARSYYYGGFGMDYWGQGTLVTVSS	CARSYYYGGFGMDYW	IGHV3-66	IGHJ4
7a5s	H I	CR3022 Fab Heavy Chain	MDWTWRVFCLLAVAPGAHSQMQLVQSGTEVKKPGESLKISCKGSGYGFITYWIGWVRQMPGKGLEWMGIIYPGDSETRYSPSFQGQVTISADKSINTAYLQWSSLKASDTAIYYCAGGSGISTPMDVWGQGTTVTVASTKGPSVFPLAPSSKSTSGGTAALGCLVKDYFPEPVTVSWNSGALTSGVHTFPAVLQSSGLYSLSSVVTVPSSSLGTQTYICNVNHKPSNTKVDKKVEPKSCGSENLYFQSAGHHHHHH	QMQLVQSGTEVKKPGESLKISCKGSGYGFITYWIGWVRQMPGKGLEWMGIIYPGDSETRYSPSFQGQVTISADKSINTAYLQWSSLKASDTAIYYCAGGSGISTPMDVWGQGTTVTVAS	CAGGSGISTPMDVW	IGHV5-51	IGHJ6
7a5r	H I	CR3022 Fab Heavy Chain	MDWTWRVFCLLAVAPGAHSQMQLVQSGTEVKKPGESLKISCKGSGYGFITYWIGWVRQMPGKGLEWMGIIYPGDSETRYSPSFQGQVTISADKSINTAYLQWSSLKASDTAIYYCAGGSGISTPMDVWGQGTTVTVASTKGPSVFPLAPSSKSTSGGTAALGCLVKDYFPEPVTVSWNSGALTSGVHTFPAVLQSSGLYSLSSVVTVPSSSLGTQTYICNVNHKPSNTKVDKKVEPKSCGSENLYFQSAGHHHHHH	QMQLVQSGTEVKKPGESLKISCKGSGYGFITYWIGWVRQMPGKGLEWMGIIYPGDSETRYSPSFQGQVTISADKSINTAYLQWSSLKASDTAIYYCAGGSGISTPMDVWGQGTTVTVAS	CAGGSGISTPMDVW	IGHV5-51	IGHJ6
7jv4	D F H	S2H13 Fab heavy chain	EVQLVESGGDSVQPGGSLRLSCAAAGFTFSSYWMNWVRQAPGKGLEWVANIKQDGSEKYYVDSVKGRFTISRDNAKNSLYLQMNSLRAEDTAVYYCALSSGYSGYAGNYWGQGTLVTVSS	EVQLVESGGDSVQPGGSLRLSCAAAGFTFSSYWMNWVRQAPGKGLEWVANIKQDGSEKYYVDSVKGRFTISRDNAKNSLYLQMNSLRAEDTAVYYCALSSGYSGYAGNYWGQGTLVTVSS	CALSSGYSGYAGNYW	IGHV3-7	IGHJ5
7jv6	C F H	S2H13 Fab heavy chain	EVQLVESGGDSVQPGGSLRLSCAAAGFTFSSYWMNWVRQAPGKGLEWVANIKQDGSEKYYVDSVKGRFTISRDNAKNSLYLQMNSLRAEDTAVYYCALSSGYSGYAGNYWGQGTLVTVSS	EVQLVESGGDSVQPGGSLRLSCAAAGFTFSSYWMNWVRQAPGKGLEWVANIKQDGSEKYYVDSVKGRFTISRDNAKNSLYLQMNSLRAEDTAVYYCALSSGYSGYAGNYWGQGTLVTVSS	CALSSGYSGYAGNYW	IGHV3-7	IGHJ5
7jv2	H	S2H13 Fab heavy chain	EVQLVESGGDSVQPGGSLRLSCAAAGFTFSSYWMNWVRQAPGKGLEWVANIKQDGSEKYYVDSVKGRFTISRDNAKNSLYLQMNSLRAEDTAVYYCALSSGYSGYAGNYWGQGTLVTVSS	EVQLVESGGDSVQPGGSLRLSCAAAGFTFSSYWMNWVRQAPGKGLEWVANIKQDGSEKYYVDSVKGRFTISRDNAKNSLYLQMNSLRAEDTAVYYCALSSGYSGYAGNYWGQGTLVTVSS	CALSSGYSGYAGNYW	IGHV3-7	IGHJ5
7czx	H I J	IGH@ protein	QVQLQESGPGLVKPSETLSLTCTVSGGSISSYYWSWIRQPPGKGLEWIGYISYSGSTNYNPSLKSRVTISLDTSKNQFSLKLSSVTAADTAVYYCASNGQYYDILTGQPPDYWYFDLWGRGTLVTVSSASTKGPSVFPLAPSSKSTSGGTAALGCLVKDYFPEPVTVSWNSGALTSGVHTFPAVLQSSGLYSLSSVVTVPSSSLGTQTYICNVNHKPSNTKVDKKVEPKSCDKTHTCPPCPAPELLGGPSVFLFPPKPKDTLMISRTPEVTCVVVDVSHEDPEVKFNWYVDGVEVHNAKTKPREEQYNSTYRVVSVLTVLHQDWLNGKEYKCKVSNKALPAPIEKTISKAKGQPREPQVYTLPPSRDELTKNQVSLTCLVKGFYPSDIAVEWESNGQPENNYKTTPPVLDSDGSFFLYSKLTVDKSRWQQGNVFSCSVMHEALHNHYTQKSLSLSPGK	QVQLQESGPGLVKPSETLSLTCTVSGGSISSYYWSWIRQPPGKGLEWIGYISYSGSTNYNPSLKSRVTISLDTSKNQFSLKLSSVTAADTAVYYCASNGQYYDILTGQPPDYWYFDLWGRGTLVTVSS	CASNGQYYDILTGQPPDYWYFDLW	IGHV4-59	IGHJ2
7czy	H J	Epididymis luminal protein 214	QVQLVQSGAEVKKPGASVKVSCKASGYTFTSYDINWVRQATGQGLEWMGWMNPNSGNTGYAQKFQGRVTMTRNTSISTAYMELSSLRSEDTAVYYCARYIVVVPAAKGFDPWGQGTLVTVSSASTKGPSVFPLAPSSKSTSGGTAALGCLVKDYFPEPVTVSWNSGALTSGVHTFPAVLQSSGLYSLSSVVTVPSSSLGTQTYICNVNHKPSNTKVDKKVEPKSCDKTHTCPPCPAPELLGGPSVFLFPPKPKDTLMISRTPEVTCVVVDVSHEDPEVKFNWYVDGVEVHNAKTKPREEQYNSTYRVVSVLTVLHQDWLNGKEYKCKVSNKALPAPIEKTISKAKGQPREPQVYTLPPSRDELTKNQVSLTCLVKGFYPSDIAVEWESNGQPENNYKTTPPVLDSDGSFFLYSKLTVDKSRWQQGNVFSCSVMHEALHNHYTQKSLSLSPGK	QVQLVQSGAEVKKPGASVKVSCKASGYTFTSYDINWVRQATGQGLEWMGWMNPNSGNTGYAQKFQGRVTMTRNTSISTAYMELSSLRSEDTAVYYCARYIVVVPAAKGFDPWGQGTLVTVSS	CARYIVVVPAAKGFDPW	IGHV1-8	IGHJ5
7czz	H I J	Epididymis luminal protein 214	QVQLVQSGAEVKKPGASVKVSCKASGYTFTSYDINWVRQATGQGLEWMGWMNPNSGNTGYAQKFQGRVTMTRNTSISTAYMELSSLRSEDTAVYYCARYIVVVPAAKGFDPWGQGTLVTVSSASTKGPSVFPLAPSSKSTSGGTAALGCLVKDYFPEPVTVSWNSGALTSGVHTFPAVLQSSGLYSLSSVVTVPSSSLGTQTYICNVNHKPSNTKVDKKVEPKSCDKTHTCPPCPAPELLGGPSVFLFPPKPKDTLMISRTPEVTCVVVDVSHEDPEVKFNWYVDGVEVHNAKTKPREEQYNSTYRVVSVLTVLHQDWLNGKEYKCKVSNKALPAPIEKTISKAKGQPREPQVYTLPPSRDELTKNQVSLTCLVKGFYPSDIAVEWESNGQPENNYKTTPPVLDSDGSFFLYSKLTVDKSRWQQGNVFSCSVMHEALHNHYTQKSLSLSPGK	QVQLVQSGAEVKKPGASVKVSCKASGYTFTSYDINWVRQATGQGLEWMGWMNPNSGNTGYAQKFQGRVTMTRNTSISTAYMELSSLRSEDTAVYYCARYIVVVPAAKGFDPWGQGTLVTVSS	CARYIVVVPAAKGFDPW	IGHV1-8	IGHJ5
6z2m	B H	CR3022 antibody	TQMQLVQSGTEVKKPGESLKISCKGSGYGFITYWIGWVRQMPGKGLEWMGIIYPGDSETRYSPSFQGQVTISADKSINTAYLQWSSLKASDTAIYYCAGGSGISTPMDVWGQGTTVTVASTKGPSVFPLAPSSGGTAALGCLVKDYFPEPVTVSWNSGALTSGVHTFPAVLQSSGLYSLSSVVTVPSSSLGTQTYICNVNHKPSNTKVDKKVEPKS	QMQLVQSGTEVKKPGESLKISCKGSGYGFITYWIGWVRQMPGKGLEWMGIIYPGDSETRYSPSFQGQVTISADKSINTAYLQWSSLKASDTAIYYCAGGSGISTPMDVWGQGTTVTVAS	CAGGSGISTPMDVW	IGHV5-51	IGHJ6
7jx3	A	Heavy chain of Fab domain of monoclonal antibody S309	QVQLVQSGAEVKKPGASVKVSCKASGYPFTSYGISWVRQAPGQGLEWMGWISTYNGNTNYAQKFQGRVTMTTDTSTTTGYMELRRLRSDDTAVYYCARDYTRGAWFGESLIGGFDNWGQGTLVTVSSASTKGPSVFPLAPSSKSTSGGTAALGCLVKDYFPEPVTVSWNSGALTSGVHTFPAVLQSSGLYSLSSVVTVPSSSLGTQTYICNVNHKPSNTKVDKKVEPKSC	QVQLVQSGAEVKKPGASVKVSCKASGYPFTSYGISWVRQAPGQGLEWMGWISTYNGNTNYAQKFQGRVTMTTDTSTTTGYMELRRLRSDDTAVYYCARDYTRGAWFGESLIGGFDNWGQGTLVTVSS	CARDYTRGAWFGESLIGGFDNW	IGHV1-18	IGHJ5
7jx3	C	Heavy chain of Fab domain of monoclonal antibody S2H14	EVQLVESGGGLVKPGGSLRLSCAASGFTFSNAWMSWVRQAPGKGLEWVGRIKSKTDGGTTDYAAPVKGRFTISRDDSKNTLYLQMNSLKTEDTAVYYCTTGSETYYYDSSGPFDYWGQGTLVTVSSASTKGPSVFPLAPSSKSTSGGTAALGCLVKDYFPEPVTVSWNSGALTSGVHTFPAVLQSSGLYSLSSVVTVPSSSLGTQTYICNVNHKPSNTKVDKKVEPKSC	EVQLVESGGGLVKPGGSLRLSCAASGFTFSNAWMSWVRQAPGKGLEWVGRIKSKTDGGTTDYAAPVKGRFTISRDDSKNTLYLQMNSLKTEDTAVYYCTTGSETYYYDSSGPFDYWGQGTLVTVSS	CTTGSETYYYDSSGPFDYW	IGHV3-15	IGHJ4
7jx3	H	Heavy chain of Fab domain of monoclonal antibody S304	EVQLVESGGGLVQPGGSLRLSCAASGFTFSSYDMHWVRQTTGKGLEWVSTIGTAGDTYYPDSVKGRFTISREDAKNSLYLQMNSLRAGDTAVYYCARGDSSGYYYYFDYWGQGTLLTVSSASTKGPSVFPLAPSSKSTSGGTAALGCLVKDYFPEPVTVSWNSGALTSGVHTFPAVLQSSGLYSLSSVVTVPSSSLGTQTYICNVNHKPSNTKVDKKVEPKSC	EVQLVESGGGLVQPGGSLRLSCAASGFTFSSYDMHWVRQTTGKGLEWVSTIGTAGDTYYPDSVKGRFTISREDAKNSLYLQMNSLRAGDTAVYYCARGDSSGYYYYFDYWGQGTLLTVSS	CARGDSSGYYYYFDYW	IGHV3-13	IGHJ4
7czu	H J	Immunoglobulin gamma-1 heavy chain	QVQLVESGGGVVQPGRSLRLSCAASGFTFSSYAMHWVRQAPGKGLEWVAVISYDGSNKYYADSVKGRFTISRDNSKNTLYLQMNSLRAEDTAVYYCARDGQAITMVQGVIGPPFDYWGQGTLVTVSSASTKGPSVFPLAPSSKSTSGGTAALGCLVKDYFPEPVTVSWNSGALTSGVHTFPAVLQSSGLYSLSSVVTVPSSSLGTQTYICNVNHKPSNTKVDKKVEPKSCDKTHTCPPCPAPELLGGPSVFLFPPKPKDTLMISRTPEVTCVVVDVSHEDPEVKFNWYVDGVEVHNAKTKPREEQYNSTYRVVSVLTVLHQDWLNGKEYKCKVSNKALPAPIEKTISKAKGQPREPQVYTLPPSRDELTKNQVSLTCLVKGFYPSDIAVEWESNGQPENNYKTTPPVLDSDGSFFLYSKLTVDKSRWQQGNVFSCSVMHEALHNHYTQKSLSLSPGK	QVQLVESGGGVVQPGRSLRLSCAASGFTFSSYAMHWVRQAPGKGLEWVAVISYDGSNKYYADSVKGRFTISRDNSKNTLYLQMNSLRAEDTAVYYCARDGQAITMVQGVIGPPFDYWGQGTLVTVSS	CARDGQAITMVQGVIGPPFDYW	IGHV3-30	IGHJ4
7czv	H I J	Immunoglobulin gamma-1 heavy chain	QVQLVESGGGVVQPGRSLRLSCAASGFTFSSYAMHWVRQAPGKGLEWVAVISYDGSNKYYADSVKGRFTISRDNSKNTLYLQMNSLRAEDTAVYYCARDGQAITMVQGVIGPPFDYWGQGTLVTVSSASTKGPSVFPLAPSSKSTSGGTAALGCLVKDYFPEPVTVSWNSGALTSGVHTFPAVLQSSGLYSLSSVVTVPSSSLGTQTYICNVNHKPSNTKVDKKVEPKSCDKTHTCPPCPAPELLGGPSVFLFPPKPKDTLMISRTPEVTCVVVDVSHEDPEVKFNWYVDGVEVHNAKTKPREEQYNSTYRVVSVLTVLHQDWLNGKEYKCKVSNKALPAPIEKTISKAKGQPREPQVYTLPPSRDELTKNQVSLTCLVKGFYPSDIAVEWESNGQPENNYKTTPPVLDSDGSFFLYSKLTVDKSRWQQGNVFSCSVMHEALHNHYTQKSLSLSPGK	QVQLVESGGGVVQPGRSLRLSCAASGFTFSSYAMHWVRQAPGKGLEWVAVISYDGSNKYYADSVKGRFTISRDNSKNTLYLQMNSLRAEDTAVYYCARDGQAITMVQGVIGPPFDYWGQGTLVTVSS	CARDGQAITMVQGVIGPPFDYW	IGHV3-30	IGHJ4
7czw	H J	Epididymis luminal protein 214	QVQLQESGPGLVKPSETLSLTCTVSGDSVSSGSYYWSWIRQPPGKGLEWIGYIYYSGSTNYNPSLKSRVTISVDTSKNQFSLKLSSVTAADTAVYYCARERCYYGSGRAPRCVWFDPWGQGTLVTVSSASTKGPSVFPLAPSSKSTSGGTAALGCLVKDYFPEPVTVSWNSGALTSGVHTFPAVLQSSGLYSLSSVVTVPSSSLGTQTYICNVNHKPSNTKVDKKVEPKSCDKTHTCPPCPAPELLGGPSVFLFPPKPKDTLMISRTPEVTCVVVDVSHEDPEVKFNWYVDGVEVHNAKTKPREEQYNSTYRVVSVLTVLHQDWLNGKEYKCKVSNKALPAPIEKTISKAKGQPREPQVYTLPPSRDELTKNQVSLTCLVKGFYPSDIAVEWESNGQPENNYKTTPPVLDSDGSFFLYSKLTVDKSRWQQGNVFSCSVMHEALHNHYTQKSLSLSPGK	QVQLQESGPGLVKPSETLSLTCTVSGDSVSSGSYYWSWIRQPPGKGLEWIGYIYYSGSTNYNPSLKSRVTISVDTSKNQFSLKLSSVTAADTAVYYCARERCYYGSGRAPRCVWFDPWGQGTLVTVSS	CARERCYYGSGRAPRCVWFDPW	IGHV4-61	IGHJ5
7czp	H J	Anti-RhD monoclonal T125 gamma1 heavy chain	QVQLQESGPGLVKPSETLSLTCTVSGGSISSYYWSWIRQPPGKGLEWIGYIYYSGSTNYNPSLKSRVTISVDTSKKQFSLKLSSVTAADTAVYYCARLERDWPLDAFDIWGQGTMVTVSSASTKGPSVFPLAPSSKSTSGGTAALGCLVKDYFPEPVTVSWNSGALTSGVHTFPAVLQSSGLYSLSSVVTVPSSSLGTQTYICNVNHKPSNTKVDKKVEPKSCDKTHTCPPCPAPELLGGPSVFLFPPKPKDTLMISRTPEVTCVVVDVSHEDPEVKFNWYVDGVEVHNAKTKPREEQYNSTYRVVSVLTVLHQDWLNGKEYKCKVSNKALPAPIEKTISKAKGQPREPQVYTLPPSRDELTKNQVSLTCLVKGFYPSDIAVEWESNGQPENNYKTTPPVLDSDGSFFLYSKLTVDKSRWQQGNVFSCSVMHEALHNHYTQKSLSLSPGK	QVQLQESGPGLVKPSETLSLTCTVSGGSISSYYWSWIRQPPGKGLEWIGYIYYSGSTNYNPSLKSRVTISVDTSKKQFSLKLSSVTAADTAVYYCARLERDWPLDAFDIWGQGTMVTVSS	CARLERDWPLDAFDIW	IGHV4-59	IGHJ3
7czq	H J	Ig-like domain-containing protein	EVQLVESGGGLIQPGGSLRLSCAASGFTVSSNYMSWVRQAPGKGLEWVSVIYSGGSTYYADSVKGRFTISRDNSKNTLYLQMNSLRAEDTAVYYCAREGPKSITGTAFDIWGQGTIVTVSSASTKGPSVFPLAPSSKSTSGGTAALGCLVKDYFPEPVTVSWNSGALTSGVHTFPAVLQSSGLYSLSSVVTVPSSSLGTQTYICNVNHKPSNTKVDKKVEPKSCDKTHTCPPCPAPELLGGPSVFLFPPKPKDTLMISRTPEVTCVVVDVSHEDPEVKFNWYVDGVEVHNAKTKPREEQYNSTYRVVSVLTVLHQDWLNGKEYKCKVSNKALPAPIEKTISKAKGQPREPQVYTLPPSRDELTKNQVSLTCLVKGFYPSDIAVEWESNGQPENNYKTTPPVLDSDGSFFLYSKLTVDKSRWQQGNVFSCSVMHEALHNHYTQKSLSLSPGK	EVQLVESGGGLIQPGGSLRLSCAASGFTVSSNYMSWVRQAPGKGLEWVSVIYSGGSTYYADSVKGRFTISRDNSKNTLYLQMNSLRAEDTAVYYCAREGPKSITGTAFDIWGQGTIVTVSS	CAREGPKSITGTAFDIW	IGHV3-53	IGHJ3
7czr	H J	IGH@ protein	EVQLVESGGGLIQPGGSLRLSCAASGFTVSSNYMSWVRQAPGKGLEWVSVIYPGGSTFYADSVKGRFTISRDNSKNTLYLQMNSLRAEDTAVYYCARETLAFDYWGQGTLVTVSSASTKGPSVFPLAPSSKSTSGGTAALGCLVKDYFPEPVTVSWNSGALTSGVHTFPAVLQSSGLYSLSSVVTVPSSSLGTQTYICNVNHKPSNTKVDKKVEPKSCDKTHTCPPCPAPELLGGPSVFLFPPKPKDTLMISRTPEVTCVVVDVSHEDPEVKFNWYVDGVEVHNAKTKPREEQYNSTYRVVSVLTVLHQDWLNGKEYKCKVSNKALPAPIEKTISKAKGQPREPQVYTLPPSRDELTKNQVSLTCLVKGFYPSDIAVEWESNGQPENNYKTTPPVLDSDGSFFLYSKLTVDKSRWQQGNVFSCSVMHEALHNHYTQKSLSLSPGK	EVQLVESGGGLIQPGGSLRLSCAASGFTVSSNYMSWVRQAPGKGLEWVSVIYPGGSTFYADSVKGRFTISRDNSKNTLYLQMNSLRAEDTAVYYCARETLAFDYWGQGTLVTVSS	CARETLAFDYW	IGHV3-53	IGHJ4
7czs	H I J	IGH@ protein	EVQLVESGGGLIQPGGSLRLSCAASGFTVSSNYMSWVRQAPGKGLEWVSVIYPGGSTFYADSVKGRFTISRDNSKNTLYLQMNSLRAEDTAVYYCARETLAFDYWGQGTLVTVSSASTKGPSVFPLAPSSKSTSGGTAALGCLVKDYFPEPVTVSWNSGALTSGVHTFPAVLQSSGLYSLSSVVTVPSSSLGTQTYICNVNHKPSNTKVDKKVEPKSCDKTHTCPPCPAPELLGGPSVFLFPPKPKDTLMISRTPEVTCVVVDVSHEDPEVKFNWYVDGVEVHNAKTKPREEQYNSTYRVVSVLTVLHQDWLNGKEYKCKVSNKALPAPIEKTISKAKGQPREPQVYTLPPSRDELTKNQVSLTCLVKGFYPSDIAVEWESNGQPENNYKTTPPVLDSDGSFFLYSKLTVDKSRWQQGNVFSCSVMHEALHNHYTQKSLSLSPGK	EVQLVESGGGLIQPGGSLRLSCAASGFTVSSNYMSWVRQAPGKGLEWVSVIYPGGSTFYADSVKGRFTISRDNSKNTLYLQMNSLRAEDTAVYYCARETLAFDYWGQGTLVTVSS	CARETLAFDYW	IGHV3-53	IGHJ4
7lss	H	Fab 2-7 variable heavy chain	QITLKESGPTLVKPTQTLTLTCTFSGFSLSTSGVGVGWIRQPPGKALEWLALIYWDDDKRYSPSLKSRLTITKDTSKNQVVLTMTNMDPVDTATYYCAHHKIERIFDYWGQGTLVTVSS	QITLKESGPTLVKPTQTLTLTCTFSGFSLSTSGVGVGWIRQPPGKALEWLALIYWDDDKRYSPSLKSRLTITKDTSKNQVVLTMTNMDPVDTATYYCAHHKIERIFDYWGQGTLVTVSS	CAHHKIERIFDYW	IGHV2-5	IGHJ4
6xdg	C	REGN10987 antibody Fab fragment heavy chain	QVQLVESGGGVVQPGRSLRLSCAASGFTFSNYAMYWVRQAPGKGLEWVAVISYDGSNKYYADSVKGRFTISRDNSKNTLYLQMNSLRTEDTAVYYCASGSDYGDYLLVYWGQGTLVTVSSASTKGPSVFPLAPSSKSTSGGTAALGCLVKDYFPEPVTVSWNSGALTSGVHTFPAVLQSSGLYSLSSVVTVPSSSLGTQTYICNVNHKPSNTKVDKKVEPKSCDK	QVQLVESGGGVVQPGRSLRLSCAASGFTFSNYAMYWVRQAPGKGLEWVAVISYDGSNKYYADSVKGRFTISRDNSKNTLYLQMNSLRTEDTAVYYCASGSDYGDYLLVYWGQGTLVTVSS	CASGSDYGDYLLVYW	IGHV3-30	IGHJ4
7lop	B W	CR3022 Fab heavy chain	QMQLVQSGTEVKKPGESLKISCKGSGYGFITYWIGWVRQMPGKGLEWMGIIYPGDSETRYSPSFQGQVTISADKSINTAYLQWSSLKASDTAIYYCAGGSGISTPMDVWGQGTTVTVSSASTKGPSVFPLAPSSKSTSGGTAALGCLVKDYFPEPVTVSWNSGALTSGVHTFPAVLQSSGLYSLSSVVTVPSSSLGTQTYICNVNHKPSNTKVDKKVEPKSC	QMQLVQSGTEVKKPGESLKISCKGSGYGFITYWIGWVRQMPGKGLEWMGIIYPGDSETRYSPSFQGQVTISADKSINTAYLQWSSLKASDTAIYYCAGGSGISTPMDVWGQGTTVTVSS	CAGGSGISTPMDVW	IGHV5-51	IGHJ6
7lop	H X	CV05-163 Fab heavy chain	QVQLVQSGAEVKKPGASVKVSCKASGYTFTGYYMHWVRQAPGQGLEWMGWINPNSGGTNYAQKFQGRVTMTRDTSISTAYMELSRLRSDDTAVYYCAREVMVRGALPPYGMDVWGQGTTVTVSSASTKGPSVFPLAPSSKSTSGGTAALGCLVKDYFPEPVTVSWNSGALTSGVHTFPAVLQSSGLYSLSSVVTVPSSSLGTQTYICNVNHKPSNTKVDKKVEPKSC	QVQLVQSGAEVKKPGASVKVSCKASGYTFTGYYMHWVRQAPGQGLEWMGWINPNSGGTNYAQKFQGRVTMTRDTSISTAYMELSRLRSDDTAVYYCAREVMVRGALPPYGMDVWGQGTTVTVSS	CAREVMVRGALPPYGMDVW	IGHV1-2	IGHJ6
7jva	H	S2A4 Fab heavy chain	EVQLVESGGGLVQPGGSLRLSCAASGFTFSSYWMNWVRQAPGKGLEWVANIKQDGSEKYYVDSVKGRFTISRDNAKNSLFLQMNSLRAEDTAVYYCARVWWLRGSFDYWGQGTLVTVSS	EVQLVESGGGLVQPGGSLRLSCAASGFTFSSYWMNWVRQAPGKGLEWVANIKQDGSEKYYVDSVKGRFTISRDNAKNSLFLQMNSLRAEDTAVYYCARVWWLRGSFDYWGQGTLVTVSS	CARVWWLRGSFDYW	IGHV3-7	IGHJ4
7ks9	H	910-30 Fab heavy chain	EVQLVESGGGLVQPGGSLRLSCAASGFTVSSNYMSWVRQAPGKGLEWVSLIYSGGSTYYADSVKGRFTISRHNSKNTLYLQMNSLRAEDTAVYYCARIYGDYAWGQGTLVTVSSASTKGPSVFPLAPSSKSTSGGTAALGCLVKDYFPEPVTVSWNSGALTSGVHTFPAVLQSSGLYSLSSVVTVPSSSLGTQTYICNVNHKPSNTKVDKKVEPKSCDKTH	EVQLVESGGGLVQPGGSLRLSCAASGFTVSSNYMSWVRQAPGKGLEWVSLIYSGGSTYYADSVKGRFTISRHNSKNTLYLQMNSLRAEDTAVYYCARIYGDYAWGQGTLVTVSS	CARIYGDYAW	IGHV3-53	IGHJ1
7dx4	H	Heavy chain of FC08 Fab	QLLQQSGAEVKKPGSSVKVSCKASGGTFSSYAISWVRQAPGQGLEWMGGIIPIIGIANYAQKFQGRVTITADKSTSTAYMELSSLRSEDTAVYYCARERGYSGYGAAYYFDYWGQGTLVTVSSA	QLLQQSGAEVKKPGSSVKVSCKASGGTFSSYAISWVRQAPGQGLEWMGGIIPIIGIANYAQKFQGRVTITADKSTSTAYMELSSLRSEDTAVYYCARERGYSGYGAAYYFDYWGQGTLVTVSS	CARERGYSGYGAAYYFDYW	IGHV1-69	IGHJ4
7chh	D G J	BD-368-2 Fab heavy chain	EVQLLESGGGVVQPGGSLRLSCAASGFAFTTYAMNWVRQAPGRGLEWVSAISDGGGSAYYADSVKGRFTISRDNSKNTLYLQMNSLRAEDTAVYYCAKTRGRGLYDYVWGSKDYWGQGTLVTVSSASTKGPSVFPLAPSSKSTSGGTAALGCLVKDYFPEPVTVSWNSGALTSGVHTFPAVLQSSGLYSLSSVVTVPSSSLGTQTYICNVNHKPSNTKVDKKVEPKSCDK	EVQLLESGGGVVQPGGSLRLSCAASGFAFTTYAMNWVRQAPGRGLEWVSAISDGGGSAYYADSVKGRFTISRDNSKNTLYLQMNSLRAEDTAVYYCAKTRGRGLYDYVWGSKDYWGQGTLVTVSS	CAKTRGRGLYDYVWGSKDYW	IGHV3-23	IGHJ4
7l0n	A C	Monoclonal antibody S309 Fab heavy chain	QVQLVQSGAEVKKPGASVKVSCKASGYPFTSYGISWVRQAPGQGLEWMGWISTYNGNTNYAQKFQGRVTMTTDTSTTTGYMELRRLRSDDTAVYYCARDYTRGAWFGESLIGGFDNWGQGTLVTVSSASTKGPSVFPLAPSSKSTSGGTAALGCLVKDYFPEPVTVSWNSGALTSGVHTFPAVLQSSGLYSLSSVVTVPSSSLGTQTYICNVNHKPSNTKVDKKVEPKSC	QVQLVQSGAEVKKPGASVKVSCKASGYPFTSYGISWVRQAPGQGLEWMGWISTYNGNTNYAQKFQGRVTMTTDTSTTTGYMELRRLRSDDTAVYYCARDYTRGAWFGESLIGGFDNWGQGTLVTVSS	CARDYTRGAWFGESLIGGFDNW	IGHV1-18	IGHJ5
7l0n	H M	Monoclonal antibody S304 Fab heavy chain	EVQLVESGGGLVQPGGSLRLSCAASGFTFSSYDMHWVRQTTGKGLEWVSTIGTAGDTYYPDSVKGRFTISREDAKNSLYLQMNSLRAGDTAVYYCARGDSSGYYYYFDYWGQGTLLTVSSASTKGPSVFPLAPSSKSTSGGTAALGCLVKDYFPEPVTVSWNSGALTSGVHTFPAVLQSSGLYSLSSVVTVPSSSLGTQTYICNVNHKPSNTKVDKKVEPKSC	EVQLVESGGGLVQPGGSLRLSCAASGFTFSSYDMHWVRQTTGKGLEWVSTIGTAGDTYYPDSVKGRFTISREDAKNSLYLQMNSLRAGDTAVYYCARGDSSGYYYYFDYWGQGTLLTVSS	CARGDSSGYYYYFDYW	IGHV3-13	IGHJ4
7cho	B H	antibody P5A-1D2 heavy chain	EVQLVESGGGLIQPGGSLRLSCAASGFIVSSNYMSWVRQAPGKGLEWVSIIYSGGSTYYADSVKGRFTISRDNSNNTLYLQMNSLRAEDTAVYYCARALQVGATSDYFDYWGQGTLVTVSSASTKGPSVFPLAPSSKSTSGGTAALGCLVKDYFPEPVTVSWNSGALTSGVHTFPAVLQSSGLYSLSSVVTVPSSSLGTQTYICNVNHKPSNTKVDKKVEPK	EVQLVESGGGLIQPGGSLRLSCAASGFIVSSNYMSWVRQAPGKGLEWVSIIYSGGSTYYADSVKGRFTISRDNSNNTLYLQMNSLRAEDTAVYYCARALQVGATSDYFDYWGQGTLVTVSS	CARALQVGATSDYFDYW	IGHV3-53	IGHJ4
7chb	H	BD-236 Fab heavy chain	EVQLVESGGGLIQPGGSLRLSCAASGITVSSNYMSWVRQAPGKGLEWVSVIYSGGSTDYADSVKGRFTISRDKSKNTLYLQMNSLRAEDTAVYYCARDLGEAGGMDVWGQGTTVTVSSASTKGPSVFPLAPSSKSTSGGTAALGCLVKDYFPEPVTVSWNSGALTSGVHTFPAVLQSSGLYSLSSVVTVPSSSLGTQTYICNVNHKPSNTKVDKKVEPKSCDK	EVQLVESGGGLIQPGGSLRLSCAASGITVSSNYMSWVRQAPGKGLEWVSVIYSGGSTDYADSVKGRFTISRDKSKNTLYLQMNSLRAEDTAVYYCARDLGEAGGMDVWGQGTTVTVSS	CARDLGEAGGMDVW	IGHV3-53	IGHJ6
7chc	H	BD-629 Fab H	EVQLVESGGGLIQPGGSLRLSCAASEFIVSRNYMSWVRQAPGKGLEWVSVIYSGGSTYYADSVKGRFTISRDNSKNTLNLQMNSLRAEDTAVYYCARDYGDYYFDYWGQGTLVTVSSASTKGPSVFPLAPSSKSTSGGTAALGCLVKDYFPEPVTVSWNSGALTSGVHTFPAVLQSSGLYSLSSVVTVPSSSLGTQTYICNVNHKPSNTKVDKKVEPKSCDK	EVQLVESGGGLIQPGGSLRLSCAASEFIVSRNYMSWVRQAPGKGLEWVSVIYSGGSTYYADSVKGRFTISRDNSKNTLNLQMNSLRAEDTAVYYCARDYGDYYFDYWGQGTLVTVSS	CARDYGDYYFDYW	IGHV3-53	IGHJ4
7chc	A	BD-368-2 Fab H	EVQLLESGGGVVQPGGSLRLSCAASGFAFTTYAMNWVRQAPGRGLEWVSAISDGGGSAYYADSVKGRFTISRDNSKNTLYLQMNSLRAEDTAVYYCAKTRGRGLYDYVWGSKDYWGQGTLVTVSSASTKGPSVFPLAPSSKSTSGGTAALGCLVKDYFPEPVTVSWNSGALTSGVHTFPAVLQSSGLYSLSSVVTVPSSSLGTQTYICNVNHKPSNTKVDKKVEPKSCDK	EVQLLESGGGVVQPGGSLRLSCAASGFAFTTYAMNWVRQAPGRGLEWVSAISDGGGSAYYADSVKGRFTISRDNSKNTLYLQMNSLRAEDTAVYYCAKTRGRGLYDYVWGSKDYWGQGTLVTVSS	CAKTRGRGLYDYVWGSKDYW	IGHV3-23	IGHJ4
7chf	H	BD-604 Fab heavy chain	EVQLVESGGGLIQPGGSLRLSCAASGIIVSSNYMTWVRQAPGKGLEWVSVIYSGGSTFYADSVKGRFTISRDNSKNTLYLQMSSLRAEDTAVYYCARDLGPYGMDVWGQGTTVTVSSASTKGPSVFPLAPSSKSTSGGTAALGCLVKDYFPEPVTVSWNSGALTSGVHTFPAVLQSSGLYSLSSVVTVPSSSLGTQTYICNVNHKPSNTKVDKKVEPKSCDK	EVQLVESGGGLIQPGGSLRLSCAASGIIVSSNYMTWVRQAPGKGLEWVSVIYSGGSTFYADSVKGRFTISRDNSKNTLYLQMSSLRAEDTAVYYCARDLGPYGMDVWGQGTTVTVSS	CARDLGPYGMDVW	IGHV3-53	IGHJ6
7chf	A	BD-368-2 Fab heavy chain	EVQLLESGGGVVQPGGSLRLSCAASGFAFTTYAMNWVRQAPGRGLEWVSAISDGGGSAYYADSVKGRFTISRDNSKNTLYLQMNSLRAEDTAVYYCAKTRGRGLYDYVWGSKDYWGQGTLVTVSSASTKGPSVFPLAPSSKSTSGGTAALGCLVKDYFPEPVTVSWNSGALTSGVHTFPAVLQSSGLYSLSSVVTVPSSSLGTQTYICNVNHKPSNTKVDKKVEPKSCDK	EVQLLESGGGVVQPGGSLRLSCAASGFAFTTYAMNWVRQAPGRGLEWVSAISDGGGSAYYADSVKGRFTISRDNSKNTLYLQMNSLRAEDTAVYYCAKTRGRGLYDYVWGSKDYWGQGTLVTVSS	CAKTRGRGLYDYVWGSKDYW	IGHV3-23	IGHJ4
7m8j	H	CM25 Fab - Heavy Chain	VQLVQSGAEVKKPGASVKVSCKVSGYTLTELSMHWVRQAPGKGLEWMGGFDPEDGETIYAQKFQGRVTMTEDTSTDTAYMELSSLRSEDTAVYYCATGPAVRRGSWFDPWGQGTLVTVSS	VQLVQSGAEVKKPGASVKVSCKVSGYTLTELSMHWVRQAPGKGLEWMGGFDPEDGETIYAQKFQGRVTMTEDTSTDTAYMELSSLRSEDTAVYYCATGPAVRRGSWFDPWGQGTLVTVSS	CATGPAVRRGSWFDPW	IGHV1-24	IGHJ5
7che	H	BD-236 Fab heavy chain	EVQLVESGGGLIQPGGSLRLSCAASGITVSSNYMSWVRQAPGKGLEWVSVIYSGGSTDYADSVKGRFTISRDKSKNTLYLQMNSLRAEDTAVYYCARDLGEAGGMDVWGQGTTVTVSSASTKGPSVFPLAPSSKSTSGGTAALGCLVKDYFPEPVTVSWNSGALTSGVHTFPAVLQSSGLYSLSSVVTVPSSSLGTQTYICNVNHKPSNTKVDKKVEPKSCDK	EVQLVESGGGLIQPGGSLRLSCAASGITVSSNYMSWVRQAPGKGLEWVSVIYSGGSTDYADSVKGRFTISRDKSKNTLYLQMNSLRAEDTAVYYCARDLGEAGGMDVWGQGTTVTVSS	CARDLGEAGGMDVW	IGHV3-53	IGHJ6
7che	A	BD-368-2 Fab heavy chain	EVQLLESGGGVVQPGGSLRLSCAASGFAFTTYAMNWVRQAPGRGLEWVSAISDGGGSAYYADSVKGRFTISRDNSKNTLYLQMNSLRAEDTAVYYCAKTRGRGLYDYVWGSKDYWGQGTLVTVSSASTKGPSVFPLAPSSKSTSGGTAALGCLVKDYFPEPVTVSWNSGALTSGVHTFPAVLQSSGLYSLSSVVTVPSSSLGTQTYICNVNHKPSNTKVDKKVEPKSCDK	EVQLLESGGGVVQPGGSLRLSCAASGFAFTTYAMNWVRQAPGRGLEWVSAISDGGGSAYYADSVKGRFTISRDNSKNTLYLQMNSLRAEDTAVYYCAKTRGRGLYDYVWGSKDYWGQGTLVTVSS	CAKTRGRGLYDYVWGSKDYW	IGHV3-23	IGHJ4
7kfv	C F H	Heavy chain of antibody C1A-B12 Fab	EVQLVESGGGLIQPGGSLRLSCAASGFTVSSNYMSWVRQAPGKGLEWVSVIYSGGATYYADSVKGRFTISRDNSKNTLYLQMNSLRAEDTAVYYCARGDVSGYRYGLDYWGQGTLVTVSGASTKGPSVFPLAPSSKSTSGGTAALGCLVKDYFPEPVTVSWNSGALTSGVHTFPAVLQSSGLYSLSSVVTVPSSSLGTQTYICNVNHKPSNTKVDKRVEPKSCDR	EVQLVESGGGLIQPGGSLRLSCAASGFTVSSNYMSWVRQAPGKGLEWVSVIYSGGATYYADSVKGRFTISRDNSKNTLYLQMNSLRAEDTAVYYCARGDVSGYRYGLDYWGQGTLVTVSG	CARGDVSGYRYGLDYW	IGHV3-53	IGHJ4
7kfw	C F H	heavy chain of antibody C1A-B3 Fab	EVQLVESGGGLIQPGGSLRLSCAASGFTVSSNYMSWVRQAPGKGLEWVSVIYSGGTTYYADSVKGRFTISRDNSKNTVFLQMNSLRAEDTAVYYCARGDVSGYRYGLDYWGQGTLVTVSGASTKGPSVFPLAPSSKSTSGGTAALGCLVKDYFPEPVTVSWNSGALTSGVHTFPAVLQSSGLYSLSSVVTVPSSSLGTQTYICNVNHKPSNTKVDKRVEPKSCDR	EVQLVESGGGLIQPGGSLRLSCAASGFTVSSNYMSWVRQAPGKGLEWVSVIYSGGTTYYADSVKGRFTISRDNSKNTVFLQMNSLRAEDTAVYYCARGDVSGYRYGLDYWGQGTLVTVSG	CARGDVSGYRYGLDYW	IGHV3-53	IGHJ4
7kfx	H	heavy chain of human antibody C1A-C2 Fab	EVQLVESGGGLIQPGGSLRLSCAVSGFTVSNNYMSWVRQAPGKGLEWVSVIYSGGTTYYADSVKGRFTISRDNSKNTLYLQMNSLRAEDTAVYYCARGDVSGYRYGLDYWGQGTLVTVSGASTKGPSVFPLAPSSKSTSGGTAALGCLVKDYFPEPVTVSWNSGALTSGVHTFPAVLQSSGLYSLSSVVTVPSSSLGTQTYICNVNHKPSNTKVDKRVEPKSCDR	EVQLVESGGGLIQPGGSLRLSCAVSGFTVSNNYMSWVRQAPGKGLEWVSVIYSGGTTYYADSVKGRFTISRDNSKNTLYLQMNSLRAEDTAVYYCARGDVSGYRYGLDYWGQGTLVTVSG	CARGDVSGYRYGLDYW	IGHV3-53	IGHJ4
7chs	H	antibody P22A-1D1 heavy chain	EVQLVESGGGLIQPGGSLRLSCAASGFTVSSNYMSWVRQAPGKGLEWVSVIYSGGSTYYADSVKGRFTISRDNSKNTLYLQMNSLRAEDTAVYYCARDRDYYGMDVWGQGTTVTVSSASTKGPSVFPLAPSSKSTSGGTAALGCLVKDYFPEPVTVSWNSGALTSGVHTFPAVLQSSGLYSLSSVVTVPSSSLGTQTYICNVNHKPSNTKVDKKVEP	EVQLVESGGGLIQPGGSLRLSCAASGFTVSSNYMSWVRQAPGKGLEWVSVIYSGGSTYYADSVKGRFTISRDNSKNTLYLQMNSLRAEDTAVYYCARDRDYYGMDVWGQGTTVTVSS	CARDRDYYGMDVW	IGHV3-53	IGHJ4
6xkq	H	CV07-250 Heavy Chain	QVQLVQSEAEVKEPGASVEVSCKASGYNFTNFAISWVRQAPGQGLEWMGWISGYNGDTNSAQKFLGRVTMTTDTSTTTAYMELRSLRSDDTAVYYCAGSDNYGFPYNGMDVWGQGTTVTVFNQIKPPSVFPLAPSSKSTSGGTAALGCLVKDYFPEPVTVSWNSGALTSGVHTFPAVLQSSGLYSLSSVVTVPSSSLGTQTYICNVNHKPSNTKVDKKVEPKSC	QVQLVQSEAEVKEPGASVEVSCKASGYNFTNFAISWVRQAPGQGLEWMGWISGYNGDTNSAQKFLGRVTMTTDTSTTTAYMELRSLRSDDTAVYYCAGSDNYGFPYNGMDVWGQGTTVTVFN	CAGSDNYGFPYNGMDVW	IGHV1-18	IGHJ1
6xkp	H M	CV07-270 Heavy Chain	QVQLVESGGGLVKPGGSLRLSCAASGFTFSDYYMTWIRQAPGKGLEWVSYISSSGSTIYYADSVKGRFTISRDNAKNSLYLQMNSLRAEDTAVYYCARARGSSGWYRIGTRWGNWFDPWGQGTLVTVSSASTKGPSVFPLAPSSKSTSGGTAALGCLVKDYFPEPVTVSWNSGALTSGVHTFPAVLQSSGLYSLSSVVTVPSSSLGTQTYICNVNHKPSNTKVDKKVEPKSC	QVQLVESGGGLVKPGGSLRLSCAASGFTFSDYYMTWIRQAPGKGLEWVSYISSSGSTIYYADSVKGRFTISRDNAKNSLYLQMNSLRAEDTAVYYCARARGSSGWYRIGTRWGNWFDPWGQGTLVTVSS	CARARGSSGWYRIGTRWGNWFDPW	IGHV3-11	IGHJ5
7chp	H	antibody P5A-3C8 heavy chain	EVQLVESGGGLIQPGGSLRLSCAASGFTVSSNYMSWVRQAPGKGLEWVSFIYSGGSTYYADSVKGRFTISRDNSKNTLYLQMNSLRAEDTAVYYCARDLQEHGMDVWGQGTTVTVSSASTKGPSVFPLAPSSKSTSGGTAALGCLVKDYFPEPVTVSWNSGALTSGVHTFPAVLQSSGLYSLSSVVTVPSSSLGTQTYICNVNHKPSNTKVDKKVEPKKE	EVQLVESGGGLIQPGGSLRLSCAASGFTVSSNYMSWVRQAPGKGLEWVSFIYSGGSTYYADSVKGRFTISRDNSKNTLYLQMNSLRAEDTAVYYCARDLQEHGMDVWGQGTTVTVSS	CARDLQEHGMDVW	IGHV3-53	IGHJ6
7lm8	H	COVA1-16 Fab heavy chain	QVQLVQSGAEVKKPGASVKVSCKASGYTFTSYYMHWVRQAPGQGLEWMGIINSSGGSTSYAQKFQGRVTMTRDTSTSTVYMELSSLRSEDTAVYYCARPPRNYYDRSGYYQRAEYFQHWGQGTLVTVSSASTKGPSVFPLAPSSKSTSGGTAALGCLVKDYFPEPVTVSWNSGALTSGVHTFPAVLQSSGLYSLSSVVTVPSSSLGTQTYICNVNHKPSNTKVDKRVEPKSC	QVQLVQSGAEVKKPGASVKVSCKASGYTFTSYYMHWVRQAPGQGLEWMGIINSSGGSTSYAQKFQGRVTMTRDTSTSTVYMELSSLRSEDTAVYYCARPPRNYYDRSGYYQRAEYFQHWGQGTLVTVSS	CARPPRNYYDRSGYYQRAEYFQHW	IGHV1-46	IGHJ1
7lm8	M	CV38-142 Fab heavy chain	EVQLVQSGAEVKKPGESLKISCQGSGYSFTSYWIGWVRQMPGKGLEWMGIIYPGESDTRYSSSFQGHVTISADKSISTAYLQWSSLKASDTAMYYCARIRGVYSSGWIGGDYWGQGTLVTVSSASTKGPSVFPLAPSSKSTSGGTAALGCLVKDYFPEPVTVSWNSGALTSGVHTFPAVLQSSGLYSLSSVVTVPSSSLGTQTYICNVNHKPSNTKVDKKVEPKSC	EVQLVQSGAEVKKPGESLKISCQGSGYSFTSYWIGWVRQMPGKGLEWMGIIYPGESDTRYSSSFQGHVTISADKSISTAYLQWSSLKASDTAMYYCARIRGVYSSGWIGGDYWGQGTLVTVSS	CARIRGVYSSGWIGGDYW	IGHV5-51	IGHJ4
6zer	B F H	heavy chain	EVQLVESGGGVVQPGRSLRLSCAASAFTFSSYDMHWVRQAPGKGLEWVAVISYDGSNKYYADSVKGRFTISRDNSKNTLYLQMNSLRAEDTAVYYCAKDGGKLWVYYFDYWGQGTLVTVSSASTKGPSVFPLAPSSKSTSGGTAALGCLVKDYFPEPVTVSWNSGALTSGVHTFPAVLQSSGLYSLSSVVTVPSSSLGTQTYICNVNHKPSNTKVDKRVEPKSCDK	EVQLVESGGGVVQPGRSLRLSCAASAFTFSSYDMHWVRQAPGKGLEWVAVISYDGSNKYYADSVKGRFTISRDNSKNTLYLQMNSLRAEDTAVYYCAKDGGKLWVYYFDYWGQGTLVTVSS	CAKDGGKLWVYYFDYW	IGHV3-30	IGHJ4
7ben	D H	COVOX-253 heavy chain	QVQLVQSGPEVKKPGTSVKVSCKASGFTFTTSAVQWVRQARGQRLEWIGWIVVGSGNTNYAQKFQERVTITRDMSTTTAYMELSSLRSEDTAVYFCAAPHCNSTSCYDAFDIWGQGTMVTVSSASTKGPSVFPLAPSSKSTSGGTAALGCLVKDYFPEPVTVSWNSGALTSGVHTFPAVLQSSGLYSLSSVVTVPSSSLGTQTYICNVNHKPSNTKVDKKVEPKSCDK	QVQLVQSGPEVKKPGTSVKVSCKASGFTFTTSAVQWVRQARGQRLEWIGWIVVGSGNTNYAQKFQERVTITRDMSTTTAYMELSSLRSEDTAVYFCAAPHCNSTSCYDAFDIWGQGTMVTVSS	CAAPHCNSTSCYDAFDIW	IGHV1-58	IGHJ3
7ben	A G	COVOX-75 heavy chain	QVQLVESGGGVVQPGRSLRLSCAASGFTFNNYPLHWVRQAPGKGPEWVAVISQDGGNKYYVDSVKGRFTISRDNSKNTLYLQMNNLRAEDTALYYCARDVVVVVAARNHYYNGMDVWGQGTTVTVSSASTKGPSVFPLAPSSKSTSGGTAALGCLVKDYFPEPVTVSWNSGALTSGVHTFPAVLQSSGLYSLSSVVTVPSSSLGTQTYICNVNHKPSNTKVDKKVEPKSCDK	QVQLVESGGGVVQPGRSLRLSCAASGFTFNNYPLHWVRQAPGKGPEWVAVISQDGGNKYYVDSVKGRFTISRDNSKNTLYLQMNNLRAEDTALYYCARDVVVVVAARNHYYNGMDVWGQGTTVTVSS	CARDVVVVVAARNHYYNGMDVW	IGHV3-30	IGHJ1
7d00	H J	IGH@ protein	EVQLVESGGGLIQPGGSLRLSCAASGFTVSSNYMSWVRQAPGKGLEWVSVIYPGGSTFYADSVKGRFTISRDNSKNTLYLQMNSLRAEDTAVYYCARETLAFDYWGQGTLVTVSSASTKGPSVFPLAPSSKSTSGGTAALGCLVKDYFPEPVTVSWNSGALTSGVHTFPAVLQSSGLYSLSSVVTVPSSSLGTQTYICNVNHKPSNTKVDKKVEPKSCDKTHTCPPCPAPELLGGPSVFLFPPKPKDTLMISRTPEVTCVVVDVSHEDPEVKFNWYVDGVEVHNAKTKPREEQYNSTYRVVSVLTVLHQDWLNGKEYKCKVSNKALPAPIEKTISKAKGQPREPQVYTLPPSRDELTKNQVSLTCLVKGFYPSDIAVEWESNGQPENNYKTTPPVLDSDGSFFLYSKLTVDKSRWQQGNVFSCSVMHEALHNHYTQKSLSLSPGK	EVQLVESGGGLIQPGGSLRLSCAASGFTVSSNYMSWVRQAPGKGLEWVSVIYPGGSTFYADSVKGRFTISRDNSKNTLYLQMNSLRAEDTAVYYCARETLAFDYWGQGTLVTVSS	CARETLAFDYW	IGHV3-53	IGHJ4
7d03	H	Epididymis luminal protein 214	QVQLQESGPGLVKPSETLSLTCTVSGDSVSSGSYYWSWIRQPPGKGLEWIGYIYYSGSTNYNPSLKSRVTISVDTSKNQFSLKLSSVTAADTAVYYCARERCYYGSGRAPRCVWFDPWGQGTLVTVSSASTKGPSVFPLAPSSKSTSGGTAALGCLVKDYFPEPVTVSWNSGALTSGVHTFPAVLQSSGLYSLSSVVTVPSSSLGTQTYICNVNHKPSNTKVDKKVEPKSCDKTHTCPPCPAPELLGGPSVFLFPPKPKDTLMISRTPEVTCVVVDVSHEDPEVKFNWYVDGVEVHNAKTKPREEQYNSTYRVVSVLTVLHQDWLNGKEYKCKVSNKALPAPIEKTISKAKGQPREPQVYTLPPSRDELTKNQVSLTCLVKGFYPSDIAVEWESNGQPENNYKTTPPVLDSDGSFFLYSKLTVDKSRWQQGNVFSCSVMHEALHNHYTQKSLSLSPGK	QVQLQESGPGLVKPSETLSLTCTVSGDSVSSGSYYWSWIRQPPGKGLEWIGYIYYSGSTNYNPSLKSRVTISVDTSKNQFSLKLSSVTAADTAVYYCARERCYYGSGRAPRCVWFDPWGQGTLVTVSS	CARERCYYGSGRAPRCVWFDPW	IGHV4-61	IGHJ5
7k4n	C F H	S2E12 neutralizing antibody Fab fragment (heavy chain)	QVQLVQSGPEVKKPGTSVRVSCKASGFTFTSSAVQWVRQARGQRLEWVGWIVVGSGNTNYAQKFHERVTITRDMSTSTAYMELSSLRSEDTAVYYCASPYCSGGSCSDGFDIWGQGTMVTVSS	QVQLVQSGPEVKKPGTSVRVSCKASGFTFTSSAVQWVRQARGQRLEWVGWIVVGSGNTNYAQKFHERVTITRDMSTSTAYMELSSLRSEDTAVYYCASPYCSGGSCSDGFDIWGQGTMVTVSS	CASPYCSGGSCSDGFDIW	IGHV1-58	IGHJ3
7czt	H I	Immunoglobulin gamma-1 heavy chain	QVQLVESGGGVVQPGRSLRLSCAASGFTFSSYGMHWVRQAPGKGLEWVAVIWYDGSNKYYADSVKGRFTISRDNSKNTLYLQMNSLRAEDTAVYYCARWFHTGGYFDYWGQGTLVTVSSASTKGPSVFPLAPSSKSTSGGTAALGCLVKDYFPEPVTVSWNSGALTSGVHTFPAVLQSSGLYSLSSVVTVPSSSLGTQTYICNVNHKPSNTKVDKKVEPKSCDKTHTCPPCPAPELLGGPSVFLFPPKPKDTLMISRTPEVTCVVVDVSHEDPEVKFNWYVDGVEVHNAKTKPREEQYNSTYRVVSVLTVLHQDWLNGKEYKCKVSNKALPAPIEKTISKAKGQPREPQVYTLPPSRDELTKNQVSLTCLVKGFYPSDIAVEWESNGQPENNYKTTPPVLDSDGSFFLYSKLTVDKSRWQQGNVFSCSVMHEALHNHYTQKSLSLSPGK	QVQLVESGGGVVQPGRSLRLSCAASGFTFSSYGMHWVRQAPGKGLEWVAVIWYDGSNKYYADSVKGRFTISRDNSKNTLYLQMNSLRAEDTAVYYCARWFHTGGYFDYWGQGTLVTVSS	CARWFHTGGYFDYW	IGHV3-33	IGHJ4
7l06	D G H M	2G12 heavy chain	EVQLVESGGGLVKAGGSLILSCGVSNFRISAHTMNWVRRVPGGGLEWVASISTSSTYRDYADAVKGRFTVSRDDLEDFVYLQMHKMRVEDTAIYYCARKGSDRLSDNDPFDAWGPGTVVTVSPASTKGPSVFPLAPS(UNK)(UNK)(UNK)(UNK)(UNK)(UNK)(UNK)(UNK)GTAALGCLVKDYFPEPVTVSWNSGALTSGVHTFPAVLQSSGLYSLSSVVTVPSSSLGTQTYICNVNHKPSNTKVDKKVEPK	EVQLVESGGGLVKAGGSLILSCGVSNFRISAHTMNWVRRVPGGGLEWVASISTSSTYRDYADAVKGRFTVSRDDLEDFVYLQMHKMRVEDTAIYYCARKGSDRLSDNDPFDAWGPGTVVTVSP	CARKGSDRLSDNDPFDAW	IGHV3-21	IGHJ5
6xe1	H	CV30 Fab Heavy chain	(PCA)VQLVESGGGLIQPGGSLRLSCAASGVIVSSNYMSWVRQAPGKGLEWVSVIYSGGSTYYADSVKGRFTISRDNSKNTLYLQMNSLRAEDTAVYYCARDLDVSGGMDVWGQGTTVTVSSASTKGPSVFPLAPSSKSTSGGTAALGCLVKDYFPEPVTVSWNSGALTSGVHTFPAVLQSSGLYSLSSVVTVPSSSLGTQTYICNVNHKPSNTKVDKKVEPKSCDKT	VQLVESGGGLIQPGGSLRLSCAASGVIVSSNYMSWVRQAPGKGLEWVSVIYSGGSTYYADSVKGRFTISRDNSKNTLYLQMNSLRAEDTAVYYCARDLDVSGGMDVWGQGTTVTVSS	CARDLDVSGGMDVW	IGHV3-53	IGHJ6
7nx9	H	EY6A Fab heavy chain	EVQLVESGGGVVQPGRSLRLSCAASAFTFSSYDMHWVRQAPGKGLEWVAVISYDGSNKYYADSVKGRFTISRDNSKNTLYLQMNSLRAEDTAVYYCAKDGGKLWVYYFDYWGQGTLVTVSSASTKGPSVFPLAPSSKSTSGGTAALGCLVKDYFPEPVTVSWNSGALTSGVHTFPAVLQSSGLYSLSSVVTVPSSSLGTQTYICNVNHKPSNTKVDKRVEPKSCDK	EVQLVESGGGVVQPGRSLRLSCAASAFTFSSYDMHWVRQAPGKGLEWVAVISYDGSNKYYADSVKGRFTISRDNSKNTLYLQMNSLRAEDTAVYYCAKDGGKLWVYYFDYWGQGTLVTVSS	CAKDGGKLWVYYFDYW	IGHV3-30	IGHJ4
7nx9	A	COVOX-222 Fab heavy chain	EVQLVESGGGLIQPGGSLRLSCAASGLTVSSNYMSWVRQAPGKGLEWVSVIYSGGSTFYADSVKGRFTISRDNSKNTLYLQMNSLGAEDTAVYYCARGEGSPGNWFDPWGQGTLVTVSSASTKGPSVFPLAPSSKSTSGGTAALGCLVKDYFPEPVTVSWNSGALTSGVHTFPAVLQSSGLYSLSSVVTVPSSSLGTQTYICNVNHKPSNTKVDKKVEPKSCDK	EVQLVESGGGLIQPGGSLRLSCAASGLTVSSNYMSWVRQAPGKGLEWVSVIYSGGSTFYADSVKGRFTISRDNSKNTLYLQMNSLGAEDTAVYYCARGEGSPGNWFDPWGQGTLVTVSS	CARGEGSPGNWFDPW	IGHV3-53	IGHJ5
7nx8	H	EY6A Fab heavy chain	EVQLVESGGGVVQPGRSLRLSCAASAFTFSSYDMHWVRQAPGKGLEWVAVISYDGSNKYYADSVKGRFTISRDNSKNTLYLQMNSLRAEDTAVYYCAKDGGKLWVYYFDYWGQGTLVTVSSASTKGPSVFPLAPSSKSTSGGTAALGCLVKDYFPEPVTVSWNSGALTSGVHTFPAVLQSSGLYSLSSVVTVPSSSLGTQTYICNVNHKPSNTKVDKRVEPKSCDK	EVQLVESGGGVVQPGRSLRLSCAASAFTFSSYDMHWVRQAPGKGLEWVAVISYDGSNKYYADSVKGRFTISRDNSKNTLYLQMNSLRAEDTAVYYCAKDGGKLWVYYFDYWGQGTLVTVSS	CAKDGGKLWVYYFDYW	IGHV3-30	IGHJ4
7nx8	A	COVOX-222 Fab heavy chain	EVQLVESGGGLIQPGGSLRLSCAASGLTVSSNYMSWVRQAPGKGLEWVSVIYSGGSTFYADSVKGRFTISRDNSKNTLYLQMNSLGAEDTAVYYCARGEGSPGNWFDPWGQGTLVTVSSASTKGPSVFPLAPSSKSTSGGTAALGCLVKDYFPEPVTVSWNSGALTSGVHTFPAVLQSSGLYSLSSVVTVPSSSLGTQTYICNVNHKPSNTKVDKKVEPKSCDK	EVQLVESGGGLIQPGGSLRLSCAASGLTVSSNYMSWVRQAPGKGLEWVSVIYSGGSTFYADSVKGRFTISRDNSKNTLYLQMNSLGAEDTAVYYCARGEGSPGNWFDPWGQGTLVTVSS	CARGEGSPGNWFDPW	IGHV3-53	IGHJ5
7nx7	H	EY6A Fab heavy chain	EVQLVESGGGVVQPGRSLRLSCAASAFTFSSYDMHWVRQAPGKGLEWVAVISYDGSNKYYADSVKGRFTISRDNSKNTLYLQMNSLRAEDTAVYYCAKDGGKLWVYYFDYWGQGTLVTVSSASTKGPSVFPLAPSSKSTSGGTAALGCLVKDYFPEPVTVSWNSGALTSGVHTFPAVLQSSGLYSLSSVVTVPSSSLGTQTYICNVNHKPSNTKVDKRVEPKSCDK	EVQLVESGGGVVQPGRSLRLSCAASAFTFSSYDMHWVRQAPGKGLEWVAVISYDGSNKYYADSVKGRFTISRDNSKNTLYLQMNSLRAEDTAVYYCAKDGGKLWVYYFDYWGQGTLVTVSS	CAKDGGKLWVYYFDYW	IGHV3-30	IGHJ4
7nx7	A	COVOX-222 Fab heavy chain	EVQLVESGGGLIQPGGSLRLSCAASGLTVSSNYMSWVRQAPGKGLEWVSVIYSGGSTFYADSVKGRFTISRDNSKNTLYLQMNSLGAEDTAVYYCARGEGSPGNWFDPWGQGTLVTVSSASTKGPSVFPLAPSSKSTSGGTAALGCLVKDYFPEPVTVSWNSGALTSGVHTFPAVLQSSGLYSLSSVVTVPSSSLGTQTYICNVNHKPSNTKVDKKVEPKSCDK	EVQLVESGGGLIQPGGSLRLSCAASGLTVSSNYMSWVRQAPGKGLEWVSVIYSGGSTFYADSVKGRFTISRDNSKNTLYLQMNSLGAEDTAVYYCARGEGSPGNWFDPWGQGTLVTVSS	CARGEGSPGNWFDPW	IGHV3-53	IGHJ5
7nx6	H	EY6A Fab heavy chain	EVQLVESGGGVVQPGRSLRLSCAASAFTFSSYDMHWVRQAPGKGLEWVAVISYDGSNKYYADSVKGRFTISRDNSKNTLYLQMNSLRAEDTAVYYCAKDGGKLWVYYFDYWGQGTLVTVSSASTKGPSVFPLAPSSKSTSGGTAALGCLVKDYFPEPVTVSWNSGALTSGVHTFPAVLQSSGLYSLSSVVTVPSSSLGTQTYICNVNHKPSNTKVDKRVEPKSCDK	EVQLVESGGGVVQPGRSLRLSCAASAFTFSSYDMHWVRQAPGKGLEWVAVISYDGSNKYYADSVKGRFTISRDNSKNTLYLQMNSLRAEDTAVYYCAKDGGKLWVYYFDYWGQGTLVTVSS	CAKDGGKLWVYYFDYW	IGHV3-30	IGHJ4
7nx6	A	COVOX-222 Fab Heavy chain	EVQLVESGGGLIQPGGSLRLSCAASGLTVSSNYMSWVRQAPGKGLEWVSVIYSGGSTFYADSVKGRFTISRDNSKNTLYLQMNSLGAEDTAVYYCARGEGSPGNWFDPWGQGTLVTVSSASTKGPSVFPLAPSSKSTSGGTAALGCLVKDYFPEPVTVSWNSGALTSGVHTFPAVLQSSGLYSLSSVVTVPSSSLGTQTYICNVNHKPSNTKVDKKVEPKSCDK	EVQLVESGGGLIQPGGSLRLSCAASGLTVSSNYMSWVRQAPGKGLEWVSVIYSGGSTFYADSVKGRFTISRDNSKNTLYLQMNSLGAEDTAVYYCARGEGSPGNWFDPWGQGTLVTVSS	CARGEGSPGNWFDPW	IGHV3-53	IGHJ5
7l09	H M	2G12 heavy chain	EVQLVESGGGLVKAGGSLILSCGVSNFRISAHTMNWVRRVPGGGLEWVASISTSSTYRDYADAVKGRFTVSRDDLEDFVYLQMHKMRVEDTAIYYCARKGSDRLSDNDPFDAWGPGTVVTVSPASTKGPSVFPLAPS(UNK)(UNK)(UNK)(UNK)(UNK)(UNK)(UNK)(UNK)GTAALGCLVKDYFPEPVTVSWNSGALTSGVHTFPAVLQSSGLYSLSSVVTVPSSSLGTQTYICNVNHKPSNTKVDKKVEPK	EVQLVESGGGLVKAGGSLILSCGVSNFRISAHTMNWVRRVPGGGLEWVASISTSSTYRDYADAVKGRFTVSRDDLEDFVYLQMHKMRVEDTAIYYCARKGSDRLSDNDPFDAWGPGTVVTVSP	CARKGSDRLSDNDPFDAW	IGHV3-21	IGHJ5
7m7w	A H	Monoclonal antibody S2X259 Fab heavy chain	QVQLVQSGAEVKKPGSSVKVSCKASGGIFNTYTISWVRQAPGQGLEWMGRIILMSGMANYAQKIQGRVTITADKSTSTAYMELTSLRSDDTAVYYCARGFNGNYYGWGDDDAFDIWGQGTLVTVYSASTKGPSVFPLAPSSKSTSGGTAALGCLVKDYFPEPVTVSWNSGALTSGVHTFPAVLQSSGLYSLSSVVTVPSSSLGTQTYICNVNHKPSNTKVDKRVEPKSC	QVQLVQSGAEVKKPGSSVKVSCKASGGIFNTYTISWVRQAPGQGLEWMGRIILMSGMANYAQKIQGRVTITADKSTSTAYMELTSLRSDDTAVYYCARGFNGNYYGWGDDDAFDIWGQGTLVTVYS	CARGFNGNYYGWGDDDAFDIW	IGHV1-69	IGHJ3
7m7w	C E	Monoclonal antibody S2H97 Fab heavy chain	QVRLVQSGAEVKKSGESLKISCKGSGYSFTSYWIGWVRQMPGKGLEWMGIIYPGDSDTRYSPSFQGQVTISADKSISTVYLQWSSLKASDTAMYYCARQWSHYTYDYYYWGQGTLVTISSASTKGPSVFPLAPSSKSTSGGTAALGCLVKDYFPEPVTVSWNSGALTSGVHTFPAVLQSSGLYSLSSVVTVPSSSLGTQTYICNVNHKPSNTKVDKKVEPKSC	QVRLVQSGAEVKKSGESLKISCKGSGYSFTSYWIGWVRQMPGKGLEWMGIIYPGDSDTRYSPSFQGQVTISADKSISTVYLQWSSLKASDTAMYYCARQWSHYTYDYYYWGQGTLVTISS	CARQWSHYTYDYYYW	IGHV5-51	IGHJ5
7kfy	H	heavy chain of human antibody C1A-F10 Fab	EVQLVESGGGLIQPGGSLRLSCAASGFTVSSNYMSWVRQAPGKGLEWVSVIYSGGTTYYADSVKGRFTISRDNSKNTLYLQMNSLRAEDTAVYYCARGDVSGYRYGLDYWGQGTLVTVSGASTKGPSVFPLAPSSKSTSGGTAALGCLVKDYFPEPVTVSWNSGALTSGVHTFPAVLQSSGLYSLSSVVTVPSSSLGTQTYICNVNHKPSNTKVDKRVEPKSCDR	EVQLVESGGGLIQPGGSLRLSCAASGFTVSSNYMSWVRQAPGKGLEWVSVIYSGGTTYYADSVKGRFTISRDNSKNTLYLQMNSLRAEDTAVYYCARGDVSGYRYGLDYWGQGTLVTVSG	CARGDVSGYRYGLDYW	IGHV3-53	IGHJ4
7ls9	D E H	1-57 Fab heavy chain	EVHLVESGGGLVQPGGSLRLSCAASGFTFSDHYMDWVRQAPGKGLEWVGRTRNKANSYTTEYAASVKGRFTISRDDAKNSLYLQMNSLKTEDTAVYYCARVHRWAYCINGVCFGAYSDYWGQGTLVTVSSASTKGPSVFPLAPSSKSTSGGTAALGCLVKDYFPEPVTVSWNSGALTSGVHTFPAVLQSSGLYSLSSVVTVPSSSLGTQTYICNVNHKPSNTKVDKKVEPKSCDKTHHHHHHHH	EVHLVESGGGLVQPGGSLRLSCAASGFTFSDHYMDWVRQAPGKGLEWVGRTRNKANSYTTEYAASVKGRFTISRDDAKNSLYLQMNSLKTEDTAVYYCARVHRWAYCINGVCFGAYSDYWGQGTLVTVSS	CARVHRWAYCINGVCFGAYSDYW	IGHV3-72	IGHJ4
7ld1	H M P	DH1047 heavy chain	QVQLVQSGAEVKKPGASVQVSCQASANTFTNHYIHWVRQAPGQGLEWMGIIYPTGGNTIYAQGFQGRVTMTRDTSLNTIYLELSSLRSEDTAVYYCARDVRVDDSWSGYDLLSGGTYFDYWGQGTLVTVSSASTKGPSVFPLAPSSKSTSGGTAALGCLVKDYFPEPVTVSWNSGALTSGVHTFPAVLQSSGLYSLSSVVTVPSSSLGTQTYICNVNHKPSNTKVDKKVEPK	QVQLVQSGAEVKKPGASVQVSCQASANTFTNHYIHWVRQAPGQGLEWMGIIYPTGGNTIYAQGFQGRVTMTRDTSLNTIYLELSSLRSEDTAVYYCARDVRVDDSWSGYDLLSGGTYFDYWGQGTLVTVSS	CARDVRVDDSWSGYDLLSGGTYFDYW	IGHV1-46	IGHJ4
7jw0	D G H	S304 Fab heavy chain	VQLVESGGGLVQPGGSLRLSCAASGFTFSSYDMHWVRQTTGKGLEWVSTIGTAGDTYYPDSVKGRFTISREDAKNSLYLQMNSLRAGDTAVYYCARGDSSGYYYYFDYWGQGTLLTVSSASTKGPSVFPLAPSSKSTSGGTAALGCLVKDYFPEPVTVSWNSGALTSGVHTFPAVLQSSGLYSLSSVVTVPSSSLGTQTYICNVNHKPSNTKVDKKVEPKSC	VQLVESGGGLVQPGGSLRLSCAASGFTFSSYDMHWVRQTTGKGLEWVSTIGTAGDTYYPDSVKGRFTISREDAKNSLYLQMNSLRAGDTAVYYCARGDSSGYYYYFDYWGQGTLLTVSS	CARGDSSGYYYYFDYW	IGHV3-13	IGHJ4
6yor	B H	IgG H chain	TQMQLVQSGTEVKKPGESLKISCKGSGYGFITYWIGWVRQMPGKGLEWMGIIYPGDSETRYSPSFQGQVTISADKSINTAYLQWSSLKASDTAIYYCAGGSGISTPMDVWGQGTTVTVASTKGPSVFPLAPSSKSTSGGTAALGCLVKDYFPEPVTVSWNSGALTSGVHTFPAVLQSSGLYSLSSVVTVPSSSLGTQTYICNVNHKPSNTKVDKKVEPKSCDKHHHHHH	QMQLVQSGTEVKKPGESLKISCKGSGYGFITYWIGWVRQMPGKGLEWMGIIYPGDSETRYSPSFQGQVTISADKSINTAYLQWSSLKASDTAIYYCAGGSGISTPMDVWGQGTTVTVAS	CAGGSGISTPMDVW	IGHV5-51	IGHJ6
7kmi	A	LY-CoV481 Fab heavy chain	EVQLVESGGGLIQPGGSLRLSCAASGFTVSSNYMSWVRQAPGKGLEWVSVIYPGGSTFYADSVKGRFTISRDNSKNTLYLQMNSLRAEDTAVYYCAREVAGTYDYWGQGTLVTVSSASTKGPSVFPLAPCSRSTSESTAALGCLVKDYFPEPVTVSWNSGALTSGVHTFPAVLQSSGLYSLSSVVTVPSSSLGTKTYTCNVDHKPSNTKVDKRVHHHHHH	EVQLVESGGGLIQPGGSLRLSCAASGFTVSSNYMSWVRQAPGKGLEWVSVIYPGGSTFYADSVKGRFTISRDNSKNTLYLQMNSLRAEDTAVYYCAREVAGTYDYWGQGTLVTVSS	CAREVAGTYDYW	IGHV3-53	IGHJ4
6w41	H	CR3022 Fab heavy chain	QMQLVQSGTEVKKPGESLKISCKGSGYGFITYWIGWVRQMPGKGLEWMGIIYPGDSETRYSPSFQGQVTISADKSINTAYLQWSSLKASDTAIYYCAGGSGISTPMDVWGQGTTVTVSSASTKGPSVFPLAPSSKSTSGGTAALGCLVKDYFPEPVTVSWNSGALTSGVHTFPAVLQSSGLYSLSSVVTVPSSSLGTQTYICNVNHKPSNTKVDKKVEPKSC	QMQLVQSGTEVKKPGESLKISCKGSGYGFITYWIGWVRQMPGKGLEWMGIIYPGDSETRYSPSFQGQVTISADKSINTAYLQWSSLKASDTAIYYCAGGSGISTPMDVWGQGTTVTVSS	CAGGSGISTPMDVW	IGHV5-51	IGHJ6
7bem	H	COVOX-269 Vh domain	QVQLVESGGGLIQPGGSLRLSCAASGLTVNRNYMSWIRQAPGKGLEWVSVIYSGGSTFYADSVKGRFTISRDNSKNTLSLQMNSLRAEDTAIYYCARDFYEGSFDIWGQGTMVTVSSASTGGSGGGGSGGGGSGG	QVQLVESGGGLIQPGGSLRLSCAASGLTVNRNYMSWIRQAPGKGLEWVSVIYSGGSTFYADSVKGRFTISRDNSKNTLSLQMNSLRAEDTAIYYCARDFYEGSFDIWGQGTMVTVSS	CARDFYEGSFDIW	IGHV3-53	IGHJ3
6wps	C F H	S309 neutralizing antibody heavy chain	QVQLVQSGAEVKKPGASVKVSCKASGYPFTSYGISWVRQAPGQGLEWMGWISTYNGNTNYAQKFQGRVTMTTDTSTTTGYMELRRLRSDDTAVYYCARDYTRGAWFGESLIGGFDNWGQGTLVTVSS	QVQLVQSGAEVKKPGASVKVSCKASGYPFTSYGISWVRQAPGQGLEWMGWISTYNGNTNYAQKFQGRVTMTTDTSTTTGYMELRRLRSDDTAVYYCARDYTRGAWFGESLIGGFDNWGQGTLVTVSS	CARDYTRGAWFGESLIGGFDNW	IGHV1-18	IGHJ5
6wpt	D H	S309 neutralizing antibody heavy chain	QVQLVQSGAEVKKPGASVKVSCKASGYPFTSYGISWVRQAPGQGLEWMGWISTYNGNTNYAQKFQGRVTMTTDTSTTTGYMELRRLRSDDTAVYYCARDYTRGAWFGESLIGGFDNWGQGTLVTVSS	QVQLVQSGAEVKKPGASVKVSCKASGYPFTSYGISWVRQAPGQGLEWMGWISTYNGNTNYAQKFQGRVTMTTDTSTTTGYMELRRLRSDDTAVYYCARDYTRGAWFGESLIGGFDNWGQGTLVTVSS	CARDYTRGAWFGESLIGGFDNW	IGHV1-18	IGHJ5
7ch4	H	BD-604 Fab H	EVQLVESGGGLIQPGGSLRLSCAASGIIVSSNYMTWVRQAPGKGLEWVSVIYSGGSTFYADSVKGRFTISRDNSKNTLYLQMSSLRAEDTAVYYCARDLGPYGMDVWGQGTTVTVSSASTKGPSVFPLAPSSKSTSGGTAALGCLVKDYFPEPVTVSWNSGALTSGVHTFPAVLQSSGLYSLSSVVTVPSSSLGTQTYICNVNHKPSNTKVDKKVEPKSCDK	EVQLVESGGGLIQPGGSLRLSCAASGIIVSSNYMTWVRQAPGKGLEWVSVIYSGGSTFYADSVKGRFTISRDNSKNTLYLQMSSLRAEDTAVYYCARDLGPYGMDVWGQGTTVTVSS	CARDLGPYGMDVW	IGHV3-53	IGHJ6
7ch5	H	BD-629 Fab H	EVQLVESGGGLIQPGGSLRLSCAASEFIVSRNYMSWVRQAPGKGLEWVSVIYSGGSTYYADSVKGRFTISRDNSKNTLNLQMNSLRAEDTAVYYCARDYGDYYFDYWGQGTLVTVSSASTKGPSVFPLAPSSKSTSGGTAALGCLVKDYFPEPVTVSWNSGALTSGVHTFPAVLQSSGLYSLSSVVTVPSSSLGTQTYICNVNHKPSNTKVDKKVEPKSCDK	EVQLVESGGGLIQPGGSLRLSCAASEFIVSRNYMSWVRQAPGKGLEWVSVIYSGGSTYYADSVKGRFTISRDNSKNTLNLQMNSLRAEDTAVYYCARDYGDYYFDYWGQGTLVTVSS	CARDYGDYYFDYW	IGHV3-53	IGHJ4
7m6f	C H	BG1-22 Fab Heavy Chain	EVQLVESGGGLVQPGGSLRLSCSVSGFTVSSNYMNWVRQAPGKGLEWVSVIYPGGSTFYPDSVKGRFTISRDDSKNTLYLQMNSLRPEDTAAYYCASSRPPIGQLVPGLDLDWFDPWGQGTLVIVSSASTKGPSVFPLAPSSKSTSGGTAALGCLVKDYFPEPVTVSWNSGALTSGVHTFPAVLQSSGLYSLSSVVTVPSSSLGTQTYICNVNHKPSNTKVDKRVEPKSCDKT	EVQLVESGGGLVQPGGSLRLSCSVSGFTVSSNYMNWVRQAPGKGLEWVSVIYPGGSTFYPDSVKGRFTISRDDSKNTLYLQMNSLRPEDTAAYYCASSRPPIGQLVPGLDLDWFDPWGQGTLVIVSS	CASSRPPIGQLVPGLDLDWFDPW	IGHV3-66	IGHJ5
7m6d	A	CR3022 Fab Heavy Chain	QMQLVQSGTEVKKPGESLKISCKGSGYGFITYWIGWVRQMPGKGLEWMGIIYPGDSETRYSPSFQGQVTISADKSINTAYLQWSSLKASDTAIYYCAGGSGISTPMDVWGQGTTVTVSSASTKGPSVFPLAPSSKSTSGGTAALGCLVKDYFPEPVTVSWNSGALTSGVHTFPAVLQSSGLYSLSSVVTVPSSSLGTQTYICNVNHKPSNTKVDKKVEPKSCDKT	QMQLVQSGTEVKKPGESLKISCKGSGYGFITYWIGWVRQMPGKGLEWMGIIYPGDSETRYSPSFQGQVTISADKSINTAYLQWSSLKASDTAIYYCAGGSGISTPMDVWGQGTTVTVSS	CAGGSGISTPMDVW	IGHV5-51	IGHJ6
7m6d	H	BG4-25 Fab Heavy Chain	EVQLVESGGGLIQPGGSLRLSCAASGITVVRNYMTWVRQAPGKGLEWVSVIYSGGTTYYADSVKGRFTISRDNSKNTMYLQMNSLRAEDTAIYYCARDLEVVGAMDVWGQGTTVTVSSASTKGPSVFPLAPSSKSTSGGTAALGCLVKDYFPEPVTVSWNSGALTSGVHTFPAVLQSSGLYSLSSVVTVPSSSLGTQTYICNVNHKPSNTKVDKRVEPKSCDKT	EVQLVESGGGLIQPGGSLRLSCAASGITVVRNYMTWVRQAPGKGLEWVSVIYSGGTTYYADSVKGRFTISRDNSKNTMYLQMNSLRAEDTAIYYCARDLEVVGAMDVWGQGTTVTVSS	CARDLEVVGAMDVW	IGHV3-53	IGHJ6
7k45	H	S2E12 neutralizing antibody Fab fragment (heavy chain)	QVQLVQSGPEVKKPGTSVRVSCKASGFTFTSSAVQWVRQARGQRLEWVGWIVVGSGNTNYAQKFHERVTITRDMSTSTAYMELSSLRSEDTAVYYCASPYCSGGSCSDGFDIWGQGTMVTVSS	QVQLVQSGPEVKKPGTSVRVSCKASGFTFTSSAVQWVRQARGQRLEWVGWIVVGSGNTNYAQKFHERVTITRDMSTSTAYMELSSLRSEDTAVYYCASPYCSGGSCSDGFDIWGQGTMVTVSS	CASPYCSGGSCSDGFDIW	IGHV1-58	IGHJ3
7nxb	H	EY6A Fab heavy chain	EVQLVESGGGVVQPGRSLRLSCAASAFTFSSYDMHWVRQAPGKGLEWVAVISYDGSNKYYADSVKGRFTISRDNSKNTLYLQMNSLRAEDTAVYYCAKDGGKLWVYYFDYWGQGTLVTVSSASTKGPSVFPLAPSSKSTSGGTAALGCLVKDYFPEPVTVSWNSGALTSGVHTFPAVLQSSGLYSLSSVVTVPSSSLGTQTYICNVNHKPSNTKVDKRVEPKSCDK	EVQLVESGGGVVQPGRSLRLSCAASAFTFSSYDMHWVRQAPGKGLEWVAVISYDGSNKYYADSVKGRFTISRDNSKNTLYLQMNSLRAEDTAVYYCAKDGGKLWVYYFDYWGQGTLVTVSS	CAKDGGKLWVYYFDYW	IGHV3-30	IGHJ4
7nxb	A	COVOX-222 Fab heavy chain	EVQLVESGGGLIQPGGSLRLSCAASGLTVSSNYMSWVRQAPGKGLEWVSVIYSGGSTFYADSVKGRFTISRDNSKNTLYLQMNSLGAEDTAVYYCARGEGSPGNWFDPWGQGTLVTVSSASTKGPSVFPLAPSSKSTSGGTAALGCLVKDYFPEPVTVSWNSGALTSGVHTFPAVLQSSGLYSLSSVVTVPSSSLGTQTYICNVNHKPSNTKVDKKVEPKSCDK	EVQLVESGGGLIQPGGSLRLSCAASGLTVSSNYMSWVRQAPGKGLEWVSVIYSGGSTFYADSVKGRFTISRDNSKNTLYLQMNSLGAEDTAVYYCARGEGSPGNWFDPWGQGTLVTVSS	CARGEGSPGNWFDPW	IGHV3-53	IGHJ5
7nxa	H	EY6A Fab heavy chain	EVQLVESGGGVVQPGRSLRLSCAASAFTFSSYDMHWVRQAPGKGLEWVAVISYDGSNKYYADSVKGRFTISRDNSKNTLYLQMNSLRAEDTAVYYCAKDGGKLWVYYFDYWGQGTLVTVSSASTKGPSVFPLAPSSKSTSGGTAALGCLVKDYFPEPVTVSWNSGALTSGVHTFPAVLQSSGLYSLSSVVTVPSSSLGTQTYICNVNHKPSNTKVDKRVEPKSCDK	EVQLVESGGGVVQPGRSLRLSCAASAFTFSSYDMHWVRQAPGKGLEWVAVISYDGSNKYYADSVKGRFTISRDNSKNTLYLQMNSLRAEDTAVYYCAKDGGKLWVYYFDYWGQGTLVTVSS	CAKDGGKLWVYYFDYW	IGHV3-30	IGHJ4
7nxa	A	COVOX-222 Fab heavy chain	EVQLVESGGGLIQPGGSLRLSCAASGLTVSSNYMSWVRQAPGKGLEWVSVIYSGGSTFYADSVKGRFTISRDNSKNTLYLQMNSLGAEDTAVYYCARGEGSPGNWFDPWGQGTLVTVSSASTKGPSVFPLAPSSKSTSGGTAALGCLVKDYFPEPVTVSWNSGALTSGVHTFPAVLQSSGLYSLSSVVTVPSSSLGTQTYICNVNHKPSNTKVDKKVEPKSCDK	EVQLVESGGGLIQPGGSLRLSCAASGLTVSSNYMSWVRQAPGKGLEWVSVIYSGGSTFYADSVKGRFTISRDNSKNTLYLQMNSLGAEDTAVYYCARGEGSPGNWFDPWGQGTLVTVSS	CARGEGSPGNWFDPW	IGHV3-53	IGHJ5
7kml	H I J	Fab 15033-7 heavy chain	EVQLVESGGGLVQPGGSLRLSCAASGFDLGGYSMHWVRQAPGKGLEWVAGIYASGGATAYADSVKGRFTISADTSKNTAYLQMNSLRAEDTAVYYCARSYYYGGFGMDYWGQGTLVTVSSASTKGPSVFPLAPSSKSTSGGTAALGCLVKDYFPEPVTVSWNSGALTSGVHTFPAVLQSSGLYSLSSVVTVPSSSLGTQTYICNVNHKPSNTKVDKKVEPKSCDK	EVQLVESGGGLVQPGGSLRLSCAASGFDLGGYSMHWVRQAPGKGLEWVAGIYASGGATAYADSVKGRFTISADTSKNTAYLQMNSLRAEDTAVYYCARSYYYGGFGMDYWGQGTLVTVSS	CARSYYYGGFGMDYW	IGHV3-66	IGHJ4
7byr	H	Ab23-Fab-Heavy Chain	QVQLVQSGSELKKPGASVKVSCKASGYTFTSYAMNWVRQAPGQGLEWMGWINTNTGNPTYAQGFTGRFVFSLDTSVSTAYLQISSLKAEDTAVYYCARPQGGSSWYRDYYYGMDVWGQGTTVTVSS	QVQLVQSGSELKKPGASVKVSCKASGYTFTSYAMNWVRQAPGQGLEWMGWINTNTGNPTYAQGFTGRFVFSLDTSVSTAYLQISSLKAEDTAVYYCARPQGGSSWYRDYYYGMDVWGQGTTVTVSS	CARPQGGSSWYRDYYYGMDVW	IGHV7-4-1	IGHJ6
7kn6	H	CC12.3 Fab heavy chain	QVQLVESGGGLIQPGGSLRLSCAASGFTVSSNYMSWVRQAPGKGLEWVSVIYSGGSTFYADSVKGRFTISRDNSKSTLYLQMNSLRVEDTAVYYCARDFGDFYFDYWGQGTLVTVSSASTKGPSVFPLAPSSKSTSGGTAALGCLVKDYFPEPVTVSWNSGALTSGVHTFPAVLQSSGLYSLSSVVTVPSSSLGTQTYICNVNHKPSNTKVDKKVEPKSC	QVQLVESGGGLIQPGGSLRLSCAASGFTVSSNYMSWVRQAPGKGLEWVSVIYSGGSTFYADSVKGRFTISRDNSKSTLYLQMNSLRVEDTAVYYCARDFGDFYFDYWGQGTLVTVSS	CARDFGDFYFDYW	IGHV3-53	IGHJ4
7m6e	D F H	BG10-19 Fab Heavy Chain	EVQLVQSGAEVKKPGESLKISCKGSGYSFTSYWIGWVRQMPGKGLEWMGVIYPGDSDTRYSPSFQGQVTISADKSISTAYLQWSSLKASDTAMYYCARTQWGYNYGSHFFYMDVWGKGTTVTVSSASTKGPSVFPLAPSSKSTSGGTAALGCLVKDYFPEPVTVSWNSGALTSGVHTFPAVLQSSGLYSLSSVVTVPSSSLGTQTYICNVNHKPSNTKVDKRVEPKSCDKT	EVQLVQSGAEVKKPGESLKISCKGSGYSFTSYWIGWVRQMPGKGLEWMGVIYPGDSDTRYSPSFQGQVTISADKSISTAYLQWSSLKASDTAMYYCARTQWGYNYGSHFFYMDVWGKGTTVTVSS	CARTQWGYNYGSHFFYMDVW	IGHV5-51	IGHJ3
7kn7	H	CC12.3 Fab heavy chain	QVQLVESGGGLIQPGGSLRLSCAASGFTVSSNYMSWVRQAPGKGLEWVSVIYSGGSTFYADSVKGRFTISRDNSKSTLYLQMNSLRVEDTAVYYCARDFGDFYFDYWGQGTLVTVSSASTKGPSVFPLAPSSKSTSGGTAALGCLVKDYFPEPVTVSWNSGALTSGVHTFPAVLQSSGLYSLSSVVTVPSSSLGTQTYICNVNHKPSNTKVDKKVEPKSC	QVQLVESGGGLIQPGGSLRLSCAASGFTVSSNYMSWVRQAPGKGLEWVSVIYSGGSTFYADSVKGRFTISRDNSKSTLYLQMNSLRVEDTAVYYCARDFGDFYFDYWGQGTLVTVSS	CARDFGDFYFDYW	IGHV3-53	IGHJ4
6xey	F H J	2-4 Heavy Chain	QVQLVQSGAEVKKPGASVKVSCKASGYTFTGYYMHWVRQAPGQGLEWMGWINPNSGGTNYTQMFQGRVTMTRDTSISTAYMEVSRLRSDDTAVYYCARDRSWAVVYYYMDVWGKGTTVTVSS	QVQLVQSGAEVKKPGASVKVSCKASGYTFTGYYMHWVRQAPGQGLEWMGWINPNSGGTNYTQMFQGRVTMTRDTSISTAYMEVSRLRSDDTAVYYCARDRSWAVVYYYMDVWGKGTTVTVSS	CARDRSWAVVYYYMDVW	IGHV1-2	IGHJ6
7l58	H	Fab H4 variable domain heavy chain	QVQLVQSGAEVKKPGASVKVSCKASGYTFTGYYMHWVRQAPGQGLEWMGRINPNSGGTNYAQKFQGRVTMTRDTSISTAYMELSRLRSDDTAVYYCARVPYCSSTSCHRDWYFDLWGRGTLVT	QVQLVQSGAEVKKPGASVKVSCKASGYTFTGYYMHWVRQAPGQGLEWMGRINPNSGGTNYAQKFQGRVTMTRDTSISTAYMELSRLRSDDTAVYYCARVPYCSSTSCHRDWYFDLWGRGTLVT	CARVPYCSSTSCHRDWYFDLW	IGHV1-2	IGHJ2
7d0c	G H	Heavy chain of P5A-3A1	EVQLVESGGGLIQPGGSLRLSCAASGFTVSSNYMSWVRQAPGKGLEWVSVIYSGGSTYYADSVKGRFTISRDNSKNTLYLQMNSLRAEDTAVYYCARDYGDFYFDYWGQGTLVTVSSASTKGPSVFPLAPSSKSTSGGTAALGCLVKDYFPEPVTVSWNSGALTSGVHTFPAVLQSSGLYSLSSVVTVPSSSLGTQTYICNVNHKPSNTKVDKKVEPKS	EVQLVESGGGLIQPGGSLRLSCAASGFTVSSNYMSWVRQAPGKGLEWVSVIYSGGSTYYADSVKGRFTISRDNSKNTLYLQMNSLRAEDTAVYYCARDYGDFYFDYWGQGTLVTVSS	CARDYGDFYFDYW	IGHV3-53	IGHJ4
7d0b	H	Heavy chain of P5A-3C12	QITLKESGPTLVKPTQTLTLTCTFSGFSLSTSGVGVGWIRQPPGKALEWLALIYWDDDKRYSPSLKSRLTITKDTSKNQVVLTMTNMDPVDTATYYCAHSLFLTVGYSSSWSPFDYWGQGTLVTVSSASTKGPSVFPLAPSSKSTSGGTAALGCLVKDYFPEPVTVSWNSGALTSGVHTFPAVLQSSGLYSLSSVVTVPSSSLGTQTYICNVNHKPSNTKVDKKVE	QITLKESGPTLVKPTQTLTLTCTFSGFSLSTSGVGVGWIRQPPGKALEWLALIYWDDDKRYSPSLKSRLTITKDTSKNQVVLTMTNMDPVDTATYYCAHSLFLTVGYSSSWSPFDYWGQGTLVTVSS	CAHSLFLTVGYSSSWSPFDYW	IGHV2-5	IGHJ4
